-- MySQL dump 10.13  Distrib 8.0.34, for Win64 (x86_64)
--
-- Host: 127.0.0.1    Database: cuahangbanthuocnhatminh
-- ------------------------------------------------------
-- Server version	8.1.0

/*!40101 SET @OLD_CHARACTER_SET_CLIENT=@@CHARACTER_SET_CLIENT */;
/*!40101 SET @OLD_CHARACTER_SET_RESULTS=@@CHARACTER_SET_RESULTS */;
/*!40101 SET @OLD_COLLATION_CONNECTION=@@COLLATION_CONNECTION */;
/*!50503 SET NAMES utf8 */;
/*!40103 SET @OLD_TIME_ZONE=@@TIME_ZONE */;
/*!40103 SET TIME_ZONE='+00:00' */;
/*!40014 SET @OLD_UNIQUE_CHECKS=@@UNIQUE_CHECKS, UNIQUE_CHECKS=0 */;
/*!40014 SET @OLD_FOREIGN_KEY_CHECKS=@@FOREIGN_KEY_CHECKS, FOREIGN_KEY_CHECKS=0 */;
/*!40101 SET @OLD_SQL_MODE=@@SQL_MODE, SQL_MODE='NO_AUTO_VALUE_ON_ZERO' */;
/*!40111 SET @OLD_SQL_NOTES=@@SQL_NOTES, SQL_NOTES=0 */;

--
-- Table structure for table `cart`
--

DROP TABLE IF EXISTS `cart`;
/*!40101 SET @saved_cs_client     = @@character_set_client */;
/*!50503 SET character_set_client = utf8mb4 */;
CREATE TABLE `cart` (
  `id` int NOT NULL AUTO_INCREMENT,
  `quantity` varchar(255) NOT NULL,
  `product_id` varchar(255) NOT NULL,
  `user_id` varchar(255) NOT NULL,
  PRIMARY KEY (`id`)
) ENGINE=InnoDB AUTO_INCREMENT=19 DEFAULT CHARSET=utf8mb4 COLLATE=utf8mb4_0900_ai_ci;
/*!40101 SET character_set_client = @saved_cs_client */;

--
-- Dumping data for table `cart`
--

LOCK TABLES `cart` WRITE;
/*!40000 ALTER TABLE `cart` DISABLE KEYS */;
INSERT INTO `cart` VALUES (13,'1','1','1'),(15,'1','17','3'),(16,'1','1','3'),(17,'100000000000','17','4'),(18,'1','1','4');
/*!40000 ALTER TABLE `cart` ENABLE KEYS */;
UNLOCK TABLES;

--
-- Table structure for table `categories`
--

DROP TABLE IF EXISTS `categories`;
/*!40101 SET @saved_cs_client     = @@character_set_client */;
/*!50503 SET character_set_client = utf8mb4 */;
CREATE TABLE `categories` (
  `id` int NOT NULL AUTO_INCREMENT,
  `name` varchar(255) NOT NULL,
  `description` text,
  `image` varchar(255) DEFAULT NULL,
  PRIMARY KEY (`id`)
) ENGINE=InnoDB AUTO_INCREMENT=12 DEFAULT CHARSET=utf8mb4 COLLATE=utf8mb4_0900_ai_ci;
/*!40101 SET character_set_client = @saved_cs_client */;

--
-- Dumping data for table `categories`
--

LOCK TABLES `categories` WRITE;
/*!40000 ALTER TABLE `categories` DISABLE KEYS */;
INSERT INTO `categories` VALUES (1,'Mắt','<p>Các sản phẩm hỗ trợ về mắt</p>','/category/1694326076343.png'),(2,'Vitamin & khoáng chất','<p>Các sản phẩm hỗ trợ về Vitamin &amp; khoáng chất</p>','/category/1694326117436.png'),(3,'Thuốc da liễu','<p>Các sản phẩm hỗ trợ về da liễu</p>','/category/1694326143745.png'),(4,'Thuốc ngừa thai','<p>Thuốc ngừa thai</p>','/category/1694341074740.jpg'),(5,'Hệ tiêu hoá & gan mật','<p>Các sản phẩm hỗ trợ về hệ tiêu hoá và gan mật</p>','/category/1694326229450.png'),(6,'Thuốc kháng sinh','<p>Các sản phẩm hỗ trợ về thuốc kháng sinh</p>','/category/1694326258149.png'),(7,'Hệ tim mạch & tạo máu','<p>Các sản phẩm hỗ trợ về hệ tim mạch và tạo máu</p>','/category/1694326293694.png'),(8,'Hệ thần kinh trung ương','<p>Các sản phẩm hỗ trợ về hệ thần kinh trung ương</p>','/category/1694326328358.png'),(9,'Thuốc chống ung thư','<p>Các sản phẩm hỗ trợ về thuốc chống ung thư</p>','/category/1694326355463.png'),(10,'Miếng dán, cao và xoa dầu','<p>Các sản phẩm hỗ trợ về miếng dán, cao và xoa dầu</p>','/category/1694326436174.png'),(11,'Trẻ em','<p>Các sản phẩm hỗ trợ cho trẻ em</p>','/category/1694328260726.jpg');
/*!40000 ALTER TABLE `categories` ENABLE KEYS */;
UNLOCK TABLES;

--
-- Table structure for table `comments`
--

DROP TABLE IF EXISTS `comments`;
/*!40101 SET @saved_cs_client     = @@character_set_client */;
/*!50503 SET character_set_client = utf8mb4 */;
CREATE TABLE `comments` (
  `id` int NOT NULL AUTO_INCREMENT,
  `content` text NOT NULL,
  `createTime` varchar(255) NOT NULL,
  `status` varchar(255) NOT NULL,
  `reviews` varchar(255) NOT NULL,
  `news_id` int NOT NULL,
  `user_id` int NOT NULL,
  PRIMARY KEY (`id`)
) ENGINE=InnoDB AUTO_INCREMENT=4 DEFAULT CHARSET=utf8mb4 COLLATE=utf8mb4_0900_ai_ci;
/*!40101 SET character_set_client = @saved_cs_client */;

--
-- Dumping data for table `comments`
--

LOCK TABLES `comments` WRITE;
/*!40000 ALTER TABLE `comments` DISABLE KEYS */;
INSERT INTO `comments` VALUES (1,'Bài viết rất bổ ích','11/9/2023 10:51','Chưa phản hồi','Đã duyệt',1,3),(2,'Bài viết rất bổ ích, mang thông tin tốt cho người bệnh','11/9/2023 18:26','Chưa phản hồi','Đã duyệt',1,4),(3,'bài viết rất bổ ích','12/9/2023 16:41','Chưa phản hồi','Chưa duyệt',1,5);
/*!40000 ALTER TABLE `comments` ENABLE KEYS */;
UNLOCK TABLES;

--
-- Table structure for table `contacts`
--

DROP TABLE IF EXISTS `contacts`;
/*!40101 SET @saved_cs_client     = @@character_set_client */;
/*!50503 SET character_set_client = utf8mb4 */;
CREATE TABLE `contacts` (
  `id` int NOT NULL AUTO_INCREMENT,
  `name` varchar(255) NOT NULL,
  `email` varchar(255) NOT NULL,
  `phone` varchar(255) NOT NULL,
  `content` text NOT NULL,
  `response` text,
  `status` varchar(255) NOT NULL,
  PRIMARY KEY (`id`)
) ENGINE=InnoDB DEFAULT CHARSET=utf8mb4 COLLATE=utf8mb4_0900_ai_ci;
/*!40101 SET character_set_client = @saved_cs_client */;

--
-- Dumping data for table `contacts`
--

LOCK TABLES `contacts` WRITE;
/*!40000 ALTER TABLE `contacts` DISABLE KEYS */;
/*!40000 ALTER TABLE `contacts` ENABLE KEYS */;
UNLOCK TABLES;

--
-- Table structure for table `favoriteproduct`
--

DROP TABLE IF EXISTS `favoriteproduct`;
/*!40101 SET @saved_cs_client     = @@character_set_client */;
/*!50503 SET character_set_client = utf8mb4 */;
CREATE TABLE `favoriteproduct` (
  `product_id` int NOT NULL,
  `user_id` int NOT NULL,
  PRIMARY KEY (`product_id`,`user_id`)
) ENGINE=InnoDB DEFAULT CHARSET=utf8mb4 COLLATE=utf8mb4_0900_ai_ci;
/*!40101 SET character_set_client = @saved_cs_client */;

--
-- Dumping data for table `favoriteproduct`
--

LOCK TABLES `favoriteproduct` WRITE;
/*!40000 ALTER TABLE `favoriteproduct` DISABLE KEYS */;
INSERT INTO `favoriteproduct` VALUES (1,1),(2,1);
/*!40000 ALTER TABLE `favoriteproduct` ENABLE KEYS */;
UNLOCK TABLES;

--
-- Table structure for table `feedbacks`
--

DROP TABLE IF EXISTS `feedbacks`;
/*!40101 SET @saved_cs_client     = @@character_set_client */;
/*!50503 SET character_set_client = utf8mb4 */;
CREATE TABLE `feedbacks` (
  `id` int NOT NULL AUTO_INCREMENT,
  `content` text NOT NULL,
  `createTime` varchar(255) NOT NULL,
  `status` varchar(255) NOT NULL,
  `reviews` varchar(255) NOT NULL,
  `rating` int NOT NULL,
  `product_id` int NOT NULL,
  `user_id` int NOT NULL,
  PRIMARY KEY (`id`)
) ENGINE=InnoDB AUTO_INCREMENT=3 DEFAULT CHARSET=utf8mb4 COLLATE=utf8mb4_0900_ai_ci;
/*!40101 SET character_set_client = @saved_cs_client */;

--
-- Dumping data for table `feedbacks`
--

LOCK TABLES `feedbacks` WRITE;
/*!40000 ALTER TABLE `feedbacks` DISABLE KEYS */;
INSERT INTO `feedbacks` VALUES (1,'Sản phẩm rất tốt','10/9/2023 18:56','Đã phản hồi','Đã duyệt',5,1,1),(2,'Sản phẩm rất tốt, bổ ích','11/9/2023 10:49','Chưa phản hồi','Đã duyệt',5,1,3);
/*!40000 ALTER TABLE `feedbacks` ENABLE KEYS */;
UNLOCK TABLES;

--
-- Table structure for table `imageproducts`
--

DROP TABLE IF EXISTS `imageproducts`;
/*!40101 SET @saved_cs_client     = @@character_set_client */;
/*!50503 SET character_set_client = utf8mb4 */;
CREATE TABLE `imageproducts` (
  `id` int NOT NULL AUTO_INCREMENT,
  `image` varchar(255) NOT NULL,
  `product_id` varchar(255) NOT NULL,
  PRIMARY KEY (`id`)
) ENGINE=InnoDB AUTO_INCREMENT=53 DEFAULT CHARSET=utf8mb4 COLLATE=utf8mb4_0900_ai_ci;
/*!40101 SET character_set_client = @saved_cs_client */;

--
-- Dumping data for table `imageproducts`
--

LOCK TABLES `imageproducts` WRITE;
/*!40000 ALTER TABLE `imageproducts` DISABLE KEYS */;
INSERT INTO `imageproducts` VALUES (1,'/product/1694328571218.jpg','1'),(2,'/product/1694328571220.jpg','1'),(3,'/product/1694328571221.jpg','1'),(4,'/product/1694329127890.jpg','2'),(5,'/product/1694329127892.jpg','2'),(6,'/product/1694329127897.jpg','2'),(7,'/product/1694329464167.jpg','3'),(8,'/product/1694329464169.jpg','3'),(9,'/product/1694329464171.jpg','3'),(10,'/product/1694329933881.jpg','4'),(11,'/product/1694329933883.jpg','4'),(12,'/product/1694329933886.jpg','4'),(13,'/product/1694330312829.jpg','5'),(14,'/product/1694330312831.jpg','5'),(15,'/product/1694330312832.jpg','5'),(16,'/product/1694330762996.jpg','6'),(17,'/product/1694330762997.jpg','6'),(18,'/product/1694330762998.jpg','6'),(19,'/product/1694339519492.jpg','7'),(20,'/product/1694339519494.jpg','7'),(21,'/product/1694339519495.jpg','7'),(22,'/product/1694339820181.jpg','8'),(23,'/product/1694339820182.jpg','8'),(24,'/product/1694340158578.jpg','9'),(25,'/product/1694340158579.jpg','9'),(26,'/product/1694340158581.jpg','9'),(27,'/product/1694340930378.jpg','10'),(28,'/product/1694340930380.jpg','10'),(29,'/product/1694340930383.jpg','10'),(30,'/product/1694341364023.jpg','11'),(31,'/product/1694341364025.jpg','11'),(32,'/product/1694341364027.jpg','11'),(33,'/product/1694342015948.jpg','12'),(34,'/product/1694342015950.jpg','12'),(35,'/product/1694342301846.jpg','13'),(36,'/product/1694342301851.jpg','13'),(37,'/product/1694342647450.jpg','14'),(38,'/product/1694342647452.jpg','14'),(39,'/product/1694342647452.jpg','14'),(40,'/product/1694342976370.jpg','15'),(41,'/product/1694342976372.jpg','15'),(42,'/product/1694342976373.jpg','15'),(46,'/product/1694343382758.jpg','16'),(47,'/product/1694343382770.jpg','16'),(48,'/product/1694343382772.jpg','16'),(49,'/product/1695098045561.jpg','17'),(50,'/product/1695098045564.jpg','17'),(51,'/product/1695098045565.jpg','17'),(52,'/product/1695098045566.jpg','17');
/*!40000 ALTER TABLE `imageproducts` ENABLE KEYS */;
UNLOCK TABLES;

--
-- Table structure for table `jobs`
--

DROP TABLE IF EXISTS `jobs`;
/*!40101 SET @saved_cs_client     = @@character_set_client */;
/*!50503 SET character_set_client = utf8mb4 */;
CREATE TABLE `jobs` (
  `id` int NOT NULL AUTO_INCREMENT,
  `title` varchar(255) NOT NULL,
  `timeType` varchar(255) NOT NULL,
  `createTime` varchar(255) NOT NULL,
  `quantity` int NOT NULL,
  `experience` varchar(255) NOT NULL,
  `location` varchar(255) NOT NULL,
  `deadline` varchar(255) NOT NULL,
  `position` varchar(255) NOT NULL,
  `salary` float NOT NULL,
  `description` text NOT NULL,
  `requirements` text NOT NULL,
  `benefits` text NOT NULL,
  PRIMARY KEY (`id`)
) ENGINE=InnoDB DEFAULT CHARSET=utf8mb4 COLLATE=utf8mb4_0900_ai_ci;
/*!40101 SET character_set_client = @saved_cs_client */;

--
-- Dumping data for table `jobs`
--

LOCK TABLES `jobs` WRITE;
/*!40000 ALTER TABLE `jobs` DISABLE KEYS */;
/*!40000 ALTER TABLE `jobs` ENABLE KEYS */;
UNLOCK TABLES;

--
-- Table structure for table `news`
--

DROP TABLE IF EXISTS `news`;
/*!40101 SET @saved_cs_client     = @@character_set_client */;
/*!50503 SET character_set_client = utf8mb4 */;
CREATE TABLE `news` (
  `id` int NOT NULL AUTO_INCREMENT,
  `title` varchar(255) NOT NULL,
  `content` text NOT NULL,
  `description` varchar(255) NOT NULL,
  `image` varchar(255) NOT NULL,
  `createTime` varchar(255) NOT NULL,
  `creator` varchar(255) NOT NULL,
  `type` varchar(255) DEFAULT NULL,
  `view` int DEFAULT NULL,
  PRIMARY KEY (`id`)
) ENGINE=InnoDB AUTO_INCREMENT=9 DEFAULT CHARSET=utf8mb4 COLLATE=utf8mb4_0900_ai_ci;
/*!40101 SET character_set_client = @saved_cs_client */;

--
-- Dumping data for table `news`
--

LOCK TABLES `news` WRITE;
/*!40000 ALTER TABLE `news` DISABLE KEYS */;
INSERT INTO `news` VALUES (1,'Uống nước ép bí đao có hại không và những điều cần biết','<p>Nước ép bí đao từ lâu đã được đánh giá là loại đồ uống tốt cho sức khỏe, được nhiều người lựa chọn trong quá trình giảm cân. Tuy nhiên, uống nước ép bí đao có hại không cũng là thắc mắc của nhiều người.</p><h2><strong>Nước ép bí đao có tác dụng gì đối với sức khỏe?</strong></h2><p>Bí đao chứa nhiều thành phần có lợi cho sức khỏe như: Protid, canxi, sắt, phốt pho, glucid, carotene, vitamin B1,&nbsp;<a href=\"https://nhathuoclongchau.com.vn/bai-viet/he-lo-nhung-thong-tin-thu-vi-ve-vitamin-b2-46343.html\">vitamin B2</a>, vitamin B3, vitamin C,... Ngoài ra, bí đao không chứa chất béo, chứa nhiều chất xơ. Chính vì vậy, nước ép bí đao mang lại nhiều lợi ích đối với sức khỏe, cụ thể:</p><h3><strong>Hỗ trợ giảm cân</strong></h3><p>Một trong những tác dụng của nước ép bí đao được mọi người biết đến là hỗ trợ giảm cân bởi vì bí đao chứa nhiều nước, ít calo và carbohydrate. Hơn nữa, bí đao chứa nhiều chất xơ hòa tan, hỗ trợ quá trình tiêu hóa của cơ thể, tạo cảm giác no lâu và không thèm ăn.</p><h3><strong>Giúp làm đẹp da, mượt tóc</strong></h3><p>Nước ép bí đao không chỉ giúp bạn giảm mỡ thừa mà còn giúp làm đẹp da, giúp da căng bóng, giảm nếp nhăn, ngăn ngừa lão hóa, giúp làm mượt tóc nhờ vào hàm lượng vitamin C, vitamin E, vitamin A trong bí đao.</p><h3><strong>Nước ép bí đao giúp mát gan, thải độc</strong></h3><p>Bí đao có tính mát, phù hợp uống để giải nhiệt và thanh lọc cơ thể. Người bệnh suy gan hoặc&nbsp;<a href=\"https://nhathuoclongchau.com.vn/benh/gan-nhiem-mo-464.html\">gan nhiễm mỡ</a> có thể sử dụng nước ép bí đao để hỗ trợ điều trị bệnh. Ngoài ra, bí đao cũng kích thích tiết chất lỏng trong thận, ngăn chặn các độc tố có hại trong thận nhưng vẫn đảm bảo cung cấp đủ nước cho các cơ quan nội tạng khác. Bí đao cũng được cho là có khả năng giải độc tốt, vì vậy bạn có thể sử dụng nước ép bí đao khi có triệu chứng ngộ độc.</p><h3><strong>Tốt cho người bệnh tiểu đường</strong></h3><p>Bí đao không chứa chất béo, ít đường và nhiều chất xơ phù hợp với người bệnh tiểu đường, bởi bệnh tiểu đường cần hạn chế thực phẩm chứa nhiều đường và chất béo bão hòa. Chính vì vậy, sử dụng nước ép bí đao đúng cách sẽ hỗ trợ sức khỏe cho người bệnh rất tốt.</p><p>Sử dụng nước ép bí đao thường xuyên còn giúp người tiểu đường tăng cường sức khỏe, bổ sung dưỡng chất cho cơ thể.</p><h3><strong>Tăng cường khả năng miễn dịch</strong></h3><p>Với hàm lượng vitamin C và các chất chống oxy hóa trong bí đao giúp cải thiện khả năng miễn dịch của cơ thể. Các chất này sẽ ức chế sự tác động của các gốc tự do, kích thích cơ thể sản xuất bạch cầu, ngăn ngừa sự đột biến của tế bào trong cơ thể.</p><figure class=\"image\"><img src=\"https://cdn.nhathuoclongchau.com.vn/unsafe/800x0/https://cms-prod.s3-sgn09.fptcloud.com/uong_nuoc_ep_bi_dao_co_hai_khong_va_nhung_dieu_can_biet_2_7811505b4c.jpg\" alt=\"uong-nuoc-ep-bi-dao-co-hai-khong-va-nhung-dieu-can-biet 2.jpg\"><figcaption><i>Hàm lượng vitamin C và các chất chống oxy hóa trong bí đao giúp cải thiện khả năng miễn dịch của cơ thể</i></figcaption></figure><h2><strong>Uống nước ép bí đao có hại không?</strong></h2><p>Với những phân tích về&nbsp;<a href=\"https://nhathuoclongchau.com.vn/bai-viet/bat-mi-10-cong-dung-tuyet-voi-cua-trai-bi-dao-69487.html\">công dụng của nước ép bí đao</a> đối với sức khỏe nêu trên, ắt hẳn chúng ta cũng đã giải đáp được thắc mắc uống nước ép bí đao có hại không.</p><p>Nước ép bí đao vừa tốt cho sức khỏe lại còn hỗ trợ làm đẹp hiệu quả. Tuy nhiên, nếu sử dụng không đúng cách và đúng liều lượng sẽ gây tác dụng phụ, ảnh hưởng đến sức khỏe, tiềm ẩn nguy cơ gây bệnh. Một số tác dụng phụ của nước ép bí đao mà bạn cần biết như:</p><ul><li><strong>Gây bệnh đường ruột:&nbsp;</strong>Nhiều người cho rằng uống nước ép bí đao sống sẽ giúp giảm cân tốt. Tuy nhiên, việc uống nước ép bí đao sống như vậy là phản khoa học. Thực tế, bí đao sống có tính xà phòng cao, dễ chuyển thành các chất tẩy rửa nguy hiểm cho sức khỏe, phá hủy hệ tiêu hóa của chúng ta.</li><li><strong>Đau bụng, nôn mửa:&nbsp;</strong>Một trong những tác hại khi sử dụng quá nhiều nước ép bí đao là ngộ độc dinh dưỡng. Mặc dù nước ép bí đao tốt cho sức khỏe nhưng nếu bạn sử dụng liều lượng quá nhiều sẽ dẫn đến dư thừa chất khiến cơ thể không đào thải hết, gây nên tình trạng đau bụng, nôn mửa.</li><li><strong>Mất cân bằng dinh dưỡng trong cơ thể:&nbsp;</strong>Nhiều người đặc biệt là chị em phụ nữ muốn giảm cân một cách nhanh chóng vì vậy liên tục uống nước ép bí đao. Việc này gây nên hiện tượng đốt cháy mỡ thừa trong cơ thể diễn ra mạnh, khiến cơ thể mất khả năng tích lũy và chuyển hóa các chất dinh dưỡng cần thiết khác. Lâu dần sẽ gây mất cân bằng dinh dưỡng gây rối loạn tiêu hóa và suy nhược cơ thể.</li></ul><figure class=\"image\"><img src=\"https://cdn.nhathuoclongchau.com.vn/unsafe/800x0/https://cms-prod.s3-sgn09.fptcloud.com/uong_nuoc_ep_bi_dao_co_hai_khong_va_nhung_dieu_can_biet_3_0f129a81e8.jpg\" alt=\"uong-nuoc-ep-bi-dao-co-hai-khong-va-nhung-dieu-can-biet 3.jpg\"><figcaption><i>Uống nước ép bí đao có hại không? Câu trả lời là không nếu bạn sử dụng đúng cách</i></figcaption></figure><h2><strong>Một số điều cần lưu ý khi uống nước ép bí đao</strong></h2><p>Biết được uống nước ép bí đao có hại không sẽ giúp bạn có cách sử dụng bí đao cũng như nước ép bí đao đúng cách, mang lại nhiều lợi ích cho sức khỏe. Ngoài ra, bạn cũng cần lưu ý một số vấn đề như sau khi uống nước ép bí đao:</p><ul><li>Chỉ nên uống nước ép bí đao 3 bữa/tuần, không nên uống nhiều lần trong một ngày và uống thường xuyên uống mỗi ngày.</li><li>Người đang bị đau bụng, tiêu chảy, sốt,&nbsp;<a href=\"https://nhathuoclongchau.com.vn/bai-viet/benh-huyet-ap-thap-la-gi-38813.html\">huyết áp thấp</a> thì không nên sử dụng nước ép bí đao vì loại nước này có tính mát, lợi tiểu sẽ làm tình trạng bệnh thêm nghiêm trọng hơn.</li><li>Trước khi ép bí đao, bạn nên sơ chế sạch và nấu chín để hạn chế tác dụng phụ ngoài ý muốn mà nước ép bí đao gây ra. Ngoài ra, nếu không sử dụng hết nước ép bí đao thì bạn nên bảo quản trong tủ lạnh và không nên để quá lâu sẽ khiến nước ép mất chất, hư hỏng.</li><li>Thời điểm lý tưởng để uống nước ép bí đao là sau khi vừa ngủ dậy, lúc bụng rỗng và cơ thể sẵn sàng hấp thu dinh dưỡng trong nước ép. Nếu không thể uống vào thời điểm này, bạn có thể uống nước ép bí đao trước bữa ăn 30 phút hoặc sau bữa ăn 2 tiếng để đạt được hiệu quả cao nhất.</li><li>Với những ai đang có nhu cầu giảm cân thì không nên sử dụng nước ép bí đao bán sẵn ngoài cửa hàng, vì chúng chứa đường sẽ sản sinh ra năng lượng. Nếu uống nhiều sẽ dẫn đến việc khó giảm cân. Vì vậy bạn hãy nên tự chế biến nước ép bí đao tại nhà để đạt được hiệu quả cao nhất nhé.</li></ul><figure class=\"image\"><img src=\"https://cdn.nhathuoclongchau.com.vn/unsafe/800x0/https://cms-prod.s3-sgn09.fptcloud.com/uong_nuoc_ep_bi_dao_co_hai_khong_va_nhung_dieu_can_biet_4_c314b2540d.jpg\" alt=\"uong-nuoc-ep-bi-dao-co-hai-khong-va-nhung-dieu-can-biet 4.jpg\"><figcaption><i>Bạn nên sơ chế sạch và nấu chín để hạn chế tác dụng phụ ngoài ý muốn mà nước ép bí đao gây ra</i></figcaption></figure><p>Ngoài ra, để gia tăng hương vị và cung cấp một số chất dinh dưỡng khác cho cơ thể, bạn có thể thực hiện mix bí đao cũng các loại hoa quả khác để tạo nên một món nước ép thơm ngon bổ dưỡng cho bản thân. Một số gợi ý cách mix bí đao cùng với các loại hoa quả khác như: Nước ép bí đao mix với táo, nước ép bí đao và cam, nước ép bí đao với dứa, nước ép bí đao mật ong, nước ép bí đao cà rốt hoặc nước ép bí đao&nbsp;<a href=\"https://nhathuoclongchau.com.vn/thanh-phan/can-tay\">cần tây</a>. Những cách mix nước ép nêu trên đều mang lại hương vị thơm ngon cho thức uống thanh mát này.</p>','Bí đao là loại thực phẩm phổ biến, được nhiều chị em phụ nữ lựa chọn như một loại rau xanh trong các bữa ăn. Bí đao có hàm lượng chất xơ cao, ít chất béo, giàu vitamin và khoáng chất','/news/1694318065175.jpg','10/9/2023 10:54','Hoàng Nhật Minh','news',22),(2,'Mẹ cần ăn gì để sữa đặc và mát, con tăng cân?','<p>Làm thế nào để sữa mẹ đặc lại hay ăn gì để sữa đặc, mát luôn là những băn khoăn, lo lắng của mỗi bà mẹ sau sinh. Mẹ càng có nhiều sữa đặc, con sẽ càng khỏe mạnh. Vì vậy, một thực đơn dinh dưỡng là điều không thể thiếu để giúp mẹ uống sữa tốt nhất cho con. Theo nguyên tắc thông thường, để có được nguồn sữa mẹ chất lượng tốt nhất, các bà mẹ cần đảm bảo chế độ dinh dưỡng, lối sống và cho con bú đúng cách.</p><h2><strong>Chế độ dinh dưỡng cho sữa mẹ đặc, mát</strong></h2><p>Để đảm bảo cung cấp đủ dinh dưỡng cho sữa mẹ và bé, khi xây dựng thực đơn mẹ nên cân đối theo chế độ dinh dưỡng dưới đây:</p><h3><strong>Bổ sung rau xanh và trái cây</strong></h3><p>Mẹ cần bổ sung nhiều rau xanh và trái cây vào chế độ ăn hàng ngày. Những thực phẩm này chứa các dưỡng chất thiết yếu và cung cấp vitamin và chất xơ cho cả mẹ và bé.</p><h3><strong>Dung nạp protein</strong></h3><p>Thịt và cá là nguồn thực phẩm giàu đạm, i ốt và DHA quan trọng cho sự phát triển của bé. Mẹ nên ăn thêm cá ít nhất 1 - 2 lần mỗi tuần và đảm bảo cung cấp đủ lượng thịt để đảm bảo tiếp nhận đủ đạm và protein cho cả mẹ và bé.</p><h3><strong>Tăng cường canxi</strong></h3><p>Canxi là một dưỡng chất quan trọng cho cả mẹ và bé. Bên cạnh việc bổ sung canxi trong chế độ ăn hàng ngày, mẹ cũng cần uống đủ lượng sữa để cung cấp canxi và dưỡng chất cho hệ xương phát triển của bé, đồng thời giúp tránh <a href=\"https://nhathuoclongchau.com.vn/benh/loang-xuong-78.html\">loãng xương</a> cho mẹ sau này.</p><h3><strong>Nước</strong></h3><p>Nước là một thành phần quan trọng không thể thiếu. Để đảm bảo cung cấp đủ nước cho cả mẹ và bé, mẹ cần uống ít nhất 8 - 10 cốc nước mỗi ngày, tương đương với khoảng 2 lít.</p><p>Những dưỡng chất này giúp đảm bảo mẹ có đủ dinh dưỡng để sản xuất sữa mẹ đặc và cung cấp chất cần thiết cho sự phát triển của bé.</p><h2><strong>Mẹ cần ăn gì để sữa đặc và mát, con tăng cân?</strong></h2><p>Dưới đây là gợi ý một số thực phẩm giúp mẹ có nguồn sữa đặc và mát giúp bé tăng cân, khỏe mạnh.</p><h3><strong>Bổ sung cà rốt vào chế độ ăn của mẹ</strong></h3><p>Ăn gì để sữa đặc và mát, con tăng cân? Trên thực tế, uống một ly nước ép cà rốt vào mỗi buổi sáng hoặc thêm vào thực đơn bữa trưa sẽ giúp sữa mẹ thơm và mát hơn. Hàm lượng vitamin A cao trong cà rốt còn giúp tăng <a href=\"https://nhathuoclongchau.com.vn/bai-viet/chat-luong-sua-me-theo-thoi-gian-co-gi-thay-doi-44991.html\">chất lượng sữa mẹ</a>, làm mát sữa mẹ, tránh cho con bị nóng trong, nổi mẩn ngứa.</p><figure class=\"image\"><img src=\"https://cdn.nhathuoclongchau.com.vn/unsafe/800x0/https://cms-prod.s3-sgn09.fptcloud.com/me_can_an_gi_de_sua_dac_va_mat_con_tang_can_1_f638cc9305.jpg\" alt=\"me-can-an-gi-de-sua-dac-va-mat-con-tang-can 1.jpg\"><figcaption><i>Bổ sung cà rốt vào chế độ ăn của mẹ giúp sữa mẹ thơm và mát hơn</i></figcaption></figure><p>Nước ép cà rốt không chỉ lợi sữa mà còn giúp mẹ lấy lại vóc dáng thon gọn, làm đẹp da sau sinh. Ngoài làm nước ép, súp cà rốt hay cà rốt xay nhuyễn với sữa ấm và đường là cách mẹ có thể bổ sung cà rốt vào thực đơn hàng ngày một cách hợp lý.</p><h3><strong>Cây thì là, không chỉ là một loại gia vị</strong></h3><p>Chúng ta thường chỉ sử dụng thì là làm gia vị, nhưng thì là còn có một công dụng tuyệt vời khác là lợi sữa. Sử dụng thì là không chỉ giúp sữa về nhiều hơn mà còn giúp sữa thơm ngon hơn, kích thích bé bú lâu hơn. Đối với thì là, các bà mẹ nên sử dụng nó thường xuyên trong thời gian cho con bú, thông qua các phương pháp chế biến như pha trà với thì là khô hoặc tạo thêm vào súp và cháo.</p><h3><strong>Lá bồ công anh giúp tăng dưỡng chất cho sữa mẹ</strong></h3><p>Theo y học cổ truyền, <a href=\"https://nhathuoclongchau.com.vn/thanh-phan/bo-cong-anh\">lá bồ công anh</a> có tác dụng thanh nhiệt, giải độc, mát gan. Nhiều bà mẹ sau sinh dùng loại lá này để làm mát da bằng cách phơi khô và pha với nước. Không chỉ vậy, lá bồ công anh còn rất giàu protein cũng như các khoáng chất như canxi, sắt, vitamin A, vitamin C, vitamin B giúp sữa mẹ đặc, chứa nhiều dưỡng chất hơn, giúp bé tăng cân nhanh hơn.</p><h3><strong>Nước gạo lứt giúp sữa mẹ sánh thơm bổ dưỡng</strong></h3><p><a href=\"https://nhathuoclongchau.com.vn/bai-viet/nhung-tac-dung-cua-gao-lut-den-doi-voi-suc-khoe-70715.html\">Gạo lứt</a> không chỉ thơm ngon mà còn giàu vitamin nhóm B. Gạo lứt chứa nhiều nguyên tố vi lượng như magie, natri, đối với các mẹ khi muốn ăn gì để sữa đặc và mát, con tăng cân thì gạo lứt cũng là một lựa chọn hợp lý.</p><figure class=\"image\"><img src=\"https://cdn.nhathuoclongchau.com.vn/unsafe/800x0/https://cms-prod.s3-sgn09.fptcloud.com/me_can_an_gi_de_sua_dac_va_mat_con_tang_can_2_5237e6cf8f.png\" alt=\"me-can-an-gi-de-sua-dac-va-mat-con-tang-can 2.png\"><figcaption><i>Nước gạo lứt giúp sữa mẹ đặc và mát, con nhanh tăng cân</i></figcaption></figure><p>Để làm nước gạo lứt thơm ngon, mẹ rang gạo lứt rồi cho vào lọ đậy nắp kín để dùng dần. Mỗi lần dùng lấy 50 gam gạo lứt, cho 2 đến 3 lít nước đun sôi, cho chút muối trắng và dùng khi còn nóng để cơ thể mẹ được hấp thu tốt nhất.</p><h3><strong>Sữa mẹ thêm mát lành với rau ngót</strong></h3><p>Rau ngót rất giàu chất dinh dưỡng vì có thể cung cấp nhiều giá trị cao cho nguồn sữa như canxi, protein, phốt pho, chất béo, vitamin, sắt.&nbsp;Lá rau ngót ngoài giúp mẹ thông sữa sau khi sinh, còn có tác dụng làm lành vết loét, hạ sốt và đặc biệt rau ngót có thể làm sạch nhau hoặc máu của mẹ còn sót lại sau khi sinh. Các mẹ có thể xay rau ngót lấy nước uống hoặc nấu canh ăn với cơm hàng ngày. Nước lá rau ngót có vị mát, thơm có tác dụng kích thích sữa mẹ về nhiều.</p><h3><strong>Lá đinh lăng bồi bổ cho sữa mẹ</strong></h3><p>Lá đinh lăng có rất nhiều tác dụng, không chỉ có tác dụng làm sữa về nhiều hơn, giảm stress, giải quyết <a href=\"https://nhathuoclongchau.com.vn/bai-viet/tac-tia-sua-la-gi-dau-hieu-nhan-biet-tac-tia-sua-44977.html\">tình trạng tắc tia sữa</a> của mẹ mà còn là cách để mẹ cải thiện chất lượng sữa cho bé. Bổ sung lá đinh lăng sẽ giúp sữa mẹ sẽ đặc và thơm, kích thích bé thích bú mẹ lâu hơn. Tuy nhiên, các mẹ cần lưu ý không nên dùng lá đinh lăng trong thời gian dài mất sữa.</p><h3><strong>Bí ngô giúp sữa mẹ sánh đặc hơn</strong></h3><p>Bí ngô chứa nhiều<a href=\"https://nhathuoclongchau.com.vn/bai-viet/ban-hieu-gi-ve-vitamin-va-khoang-chat-2793.html\"> vitamin và khoáng chất</a>, cung cấp đầy đủ năng lượng cho cơ thể mỗi ngày. Đặc biệt khi các mẹ chán dùng các loại sữa bột thì đây là một giải pháp tuyệt vời.</p><figure class=\"image\"><img src=\"https://cdn.nhathuoclongchau.com.vn/unsafe/800x0/https://cms-prod.s3-sgn09.fptcloud.com/me_can_an_gi_de_sua_dac_va_mat_con_tang_can_3_5ced28ff50.jpg\" alt=\"me-can-an-gi-de-sua-dac-va-mat-con-tang-can 3.jpg\"><figcaption><i>Bí ngô chứa nhiều vitamin và khoáng chất, giúp sữa mẹ sánh đặc hơn</i></figcaption></figure><p>Ngoài ra còn một số thực phẩm như khoai lang, rau khoai lang, nước mè đen, cháo, canh đu đủ xanh mẹ có thể bổ sung đa dạng chế độ ăn hàng ngày để giúp sữa đặc và mát, con tăng cân.</p><p>Ngoài ra, nhiều bà mẹ gặp phải tình trạng tắc tia sữa khi đang cho con bú. Khi bị tắc tia sữa, mẹ cần cho bé bú nhiều hơn, tích cực hút sữa ra ngoài. Nếu tình trạng không được cải thiện, bạn nên nhờ đến sự trợ giúp của đơn vị thông tắc tia sữa chuyên nghiệp hoặc đến bệnh viện để được bác sĩ tư vấn.</p><p>Sữa đặc giúp cung cấp nhiều chất dinh dưỡng hơn cho bé, đồng thời mùi thơm, mát của sữa sẽ kích thích bé bú nhiều hơn và tiêu hóa dễ dàng hơn. Hy vọng những chia sẻ trên có thể giúp các mẹ giải đáp được thắc mắc <a href=\"https://nhathuoclongchau.com.vn/bai-viet/me-can-an-gi-de-sua-dac-va-mat-con-tang-can.html\">ăn gì để sữa đặc và mát, con tăng cân.</a> Nếu bạn muốn cải thiện nguồn sữa của mình, muốn có một ly sữa đặc mát lành cho con yêu thì đừng bỏ qua những chia sẻ trong bài viết trước nhé! Chúc mẹ và bé mãi khỏe mạnh và hạnh phúc.</p>','Đối với trẻ sơ sinh, sữa mẹ là nguồn dinh dưỡng quan trọng và không thể thiếu. Sữa mẹ đặc, mát, ngọt sẽ thúc đẩy sự phát triển của bé, bé mau lớn. Vậy mẹ ăn gì để sữa đặc và mát, con tăng cân','/news/1694318186748.jpg','10/9/2023 10:56','Hoàng Nhật Minh','news',1),(3,'Bổ sung bộ đôi Canxi và Vitamin D3 giúp hệ xương của trẻ khoẻ mạnh','<p>Canxi và Vitamin D3 không chỉ là hai thành phần dinh dưỡng quen thuộc mà còn là cặp đôi vô cùng quan trọng cho sức khỏe xương và răng. Vậy bạn đã biết <a href=\"https://nhathuoclongchau.com.vn/bai-viet/bo-sung-bo-doi-canxi-va-vitamin-d3-giup-he-xuong-cua-tre-khoe-manh.html\">cách bổ sung Canxi và Vitamin D3 hiệu quả</a> cho cơ thể, đặc biệt là đối với trẻ nhỏ hay chưa?</p><h2><strong>Mối quan hệ của Canxi và Vitamin D3 với sức khỏe</strong></h2><p>Canxi và Vitamin D3 là hai thành phần không thể thiếu trong việc duy trì sức khỏe cơ thể, đặc biệt là sức khỏe xương và răng. Canxi không chỉ giúp xây dựng và bảo vệ xương và răng mà còn đóng vai trò quan trọng trong quá trình co bóp cơ, truyền dẫn thần kinh và giúp máu đông. Trong khi đó, Vitamin D3 lại là trợ thủ đắc lực, giúp cơ thể hấp thụ Canxi, cũng như tham gia vào nhiều quá trình sinh lý khác.</p><p>Mặc dù Canxi có vai trò quan trọng đối với cơ thể, nhưng nó cần được hỗ trợ bởi Vitamin D3 để đạt hiệu quả tốt nhất. Vitamin D3 giúp tăng cường khả năng hấp thụ Canxi từ đường tiêu hóa, đảm bảo rằng khoáng chất này được tiếp tục sử dụng trong cơ thể, thay vì bị loại trừ ra ngoài. Các nghiên cứu khoa học đã cho thấy, nếu không có đủ Vitamin D3, cơ thể chỉ có thể hấp thụ khoảng 10 - 15% lượng Canxi có trong thực phẩm được dung nạp vào cơ thể.</p><figure class=\"image\"><img src=\"https://cdn.nhathuoclongchau.com.vn/unsafe/https://cms-prod.s3-sgn09.fptcloud.com/bo_sung_bo_doi_canxi_va_vitamin_d3_cho_mot_he_xuong_khoe_manh_cua_tre_3_3c52e5d30f.jpg\" alt=\"Bổ sung bộ đôi Canxi và Vitamin D3 cho một hệ xương khỏe mạnh của trẻ 1\"><figcaption><i>Vitamin D3 có vai trò quan trọng đối với quá trình hấp thụ canxi</i></figcaption></figure><p>Xương và răng của chúng ta cần Canxi để trở nên cứng cáp và mạnh mẽ hơn. Nhưng nếu không có Vitamin D3, cơ thể sẽ gặp khó khăn trong việc hấp thụ Canxi này. Điều này dẫn đến việc xương trở nên yếu đi và dễ gãy. Vì vậy, cả hai yếu tố này đều rất cần thiết để đảm bảo xương chúng ta luôn ở trong tình trạng tốt nhất.</p><p>Bổ sung Canxi và Vitamin D3 có thể giúp con người phòng ngừa nhiều bệnh lý liên quan đến xương và răng như <a href=\"https://nhathuoclongchau.com.vn/benh/loang-xuong-78.html\">loãng xương</a> hoặc <a href=\"https://nhathuoclongchau.com.vn/benh/sau-rang-566.html\">sâu răng</a>... Đối với những người không được cung cấp đủ lượng Canxi và Vitamin D3 từ chế độ ăn hàng ngày, việc bổ sung hai dưỡng chất này thông qua các loại thực phẩm chức năng sẽ giúp họ được cung cấp đủ lượng Canxi và Vitamin D3 cần thiết để duy trì sức khỏe xương, răng và sức khỏe tổng thể của cơ thể.</p><h2><strong>Nguồn cung cấp Canxi và Vitamin D3 từ thực phẩm</strong></h2><p>Canxi và Vitamin D3 là hai thành phần quan trọng giúp duy trì sức khỏe xương và rất nhiều chức năng khác của cơ thể. Để cung cấp đủ cho cơ thể, chúng ta cần biết rõ về các nguồn thực phẩm giàu các dưỡng chất này. Dưới đây là một số loại thực phẩm có chứa hàm lượng lớn Canxi và Vitamin D3 mà các bạn có thể tham khảo:</p><h3><strong>Nguồn canxi</strong></h3><p>Sữa và các sản phẩm từ sữa như pho mát, bơ, và sữa chua là nguồn cung cấp phổ biến nhất của Canxi. Các loại cá có xương mềm như cá hồi và sardine cũng cung cấp một lượng lớn Canxi. Các loại rau xanh màu tối như cải xanh, súp lơ hay rau chân vịt cũng là một nguồn giàu Canxi. Ngoài ra, các loại hạt như hạt chia, quả hồ đào khô, hạt hướng dương và các sản phẩm làm từ đậu nành cũng có chứa lượng lớn Canxi.</p><h3><strong>Nguồn Vitamin D3</strong></h3><p>Tiếp xúc với ánh nắng mặt trời là cách tự nhiên nhất và đơn giản nhất để cơ thể sản xuất Vitamin D3. Tuy nhiên, bên cạnh đó cũng một số thực phẩm có chứa Vitamin D3. Điển hình là các loại cá béo như cá hồi, cá ngừ, lòng đỏ trứng gà… Các loại sữa như sữa động vật, sữa đậu nành hoặc sữa hạt… cũng là một nguồn cung cấp Vitamin D3 tốt.</p><figure class=\"image\"><img src=\"https://cdn.nhathuoclongchau.com.vn/unsafe/800x0/https://cms-prod.s3-sgn09.fptcloud.com/bo_sung_bo_doi_canxi_va_vitamin_d3_cho_mot_he_xuong_khoe_manh_cua_tre_1_94267aacf3.jpg\" alt=\"Bổ sung bộ đôi Canxi và Vitamin D3 cho một hệ xương khỏe mạnh của trẻ 2\"><figcaption><i>Canxi có trong nhiều loại thực phẩm khác nhau</i></figcaption></figure><h2><strong>Bổ sung Canxi và Vitamin D3 cho bé với viên sủi Kudos Kids Multivitamins Plus Calcium &amp; D3</strong></h2><p>Để đảm bảo đủ lượng Canxi và Vitamin D3 hàng ngày, chúng ta cần đa dạng hóa thực đơn với nhiều thực phẩm giàu chúng. Tuy nhiên, không phải khi nào các loại thực phẩm cũng có thể đáp ứng được đủ nhu cầu về Canxi và Vitamin D3 cho cơ thể, đặc biệt là đối với trẻ nhỏ. Khi này, việc bổ sung Canxi và Vitamin D3 thông qua các sản phẩm bổ sung là điều hết sức quan trọng và cần thiết.</p><p><a href=\"https://nhathuoclongchau.com.vn/thuc-pham-chuc-nang/vien-sui-kudos-kids-multivitamins-plus-calcium-and-d3-huong-dua-hau-20-v.html\">Viên sủi Kudos Kids Multivitamins Plus Calcium &amp; D3</a> hương dưa hấu hiện đang được rất nhiều cha mẹ tin dùng để bổ sung Canxi và Vitamin D3 cho bé. Đây là một sản phẩm chứa đầy đủ các loại vitamin thiết yếu, giúp kích thích sự phát triển toàn diện cho trẻ như Canxi và Vitamin D3, Vitamin C, Niacin, Vitamin E và nhiều loại vitamin nhóm B khác…</p><figure class=\"image\"><img src=\"https://cdn.nhathuoclongchau.com.vn/unsafe/https://cms-prod.s3-sgn09.fptcloud.com/bo_sung_bo_doi_canxi_va_vitamin_d3_cho_mot_he_xuong_khoe_manh_cua_tre_4_c1fd635d77.jpg\" alt=\"Bổ sung bộ đôi Canxi và Vitamin D3 cho một hệ xương khỏe mạnh của trẻ 3\"><figcaption><i>Viên sủi Kudos Kids Multivitamins Plus Calcium &amp; D3 đang rất được ưa chuộng</i></figcaption></figure><p>Với tỷ lệ cân bằng hoàn hảo giữa Canxi và vitamin D3, viên sủi viên sủi Kudos Kids Multivitamins Plus Calcium &amp; D3 sẽ giúp hệ xương và răng của trẻ phát triển mạnh mẽ, đồng thời hỗ trợ chức năng cơ bắp hiệu quả hơn. Không chỉ vậy, những vitamin thiết yếu khác trong viên sủi này cũng giúp tăng cường hoạt động của hệ miễn dịch, góp phần phòng tránh các bệnh tật cho trẻ sau này như <a href=\"https://nhathuoclongchau.com.vn/benh/cam-lanh-583.html\">cảm lạnh,</a> <a href=\"https://nhathuoclongchau.com.vn/benh/chan-an-1011.html\">chán ăn</a>... Các vitamin nhóm B như B1, B2, B6, B9 và B12 cũng góp phần cung cấp năng lượng, giúp trẻ hoạt động năng nổ suốt cả ngày.</p><p>Sản phẩm cũng có hương dưa hấu, rất thơm và dễ sử dụng cho trẻ nhỏ. Viên sủi Kudos Kids Multivitamins Plus Calcium &amp; D3 hiện đang có bán tại chuỗi cửa hàng Nhà thuốc Long Châu trên toàn quốc.</p><p>Bộ đôi Canxi và Vitamin D3 không chỉ là yếu tố cơ bản trong việc phát triển hệ xương của trẻ, mà còn đóng vai trò quan trọng trong việc tạo nền tảng cho một sức khỏe tốt và cơ thể mạnh mẽ trong tương lai. Để trẻ phát triển toàn diện, cả về tinh thần lẫn thể chất, việc bổ sung đầy đủ và đúng cách cho trẻ là điều vô cùng cần thiết và đáng được quan tâm.</p><p><br>&nbsp;</p>','Canxi và Vitamin D3 rất quan trọng và cần thiết cho sự phát triển một hệ xương, răng khỏe mạnh của trẻ nhỏ. Cùng khám phá cách bổ sung Canxi và Vitamin D3 hiệu quả cho trẻ với viên sủi Kudos Kids Multivitamins Plus Calcium & D3.','/news/1694318294661.jpg','10/9/2023 10:58','Admin','news',2),(4,'Bà bầu có được dùng lá tía tô trong thai kỳ không?','<p>Thai kỳ là một giai đoạn cần được chăm sóc đặc biệt cho cả mẹ và&nbsp;thai nhi. Việc tìm kiếm lời khuyên về nhiều khía cạnh của lối sống, bao gồm chế độ ăn uống là điều hoàn toàn tự nhiên đối với các bà mẹ. Một câu hỏi thường được đặt ra là liệu lá tía tô có an toàn đối với mẹ bầu trong thai kỳ hay không. Trong bài viết này, chúng ta sẽ tìm hiểu xem bà bầu có được dùng lá tía tô không và những công dụng của loại lá này.</p><h2><strong>Lá tía tô - Một loại thảo dược nhiều dinh dưỡng</strong></h2><p>Lá tía tô nổi tiếng với hương vị thơm ngon và tính đa dạng trong ẩm thực, thường được sử dụng để làm tăng hương vị của nhiều món ăn. Tuy nhiên, bên cạnh hương vị, loại lá này còn chứa đầy những dưỡng chất cần thiết. Lá tía tô chứa vitamin A, C và K, cùng với các khoáng chất như <a href=\"https://nhathuoclongchau.com.vn/thanh-phan/calcium\">canxi</a> và sắt. Những dưỡng chất này đóng vai trò quan trọng trong việc hỗ trợ sức khỏe tổng thể của cả mẹ và thai nhi đang phát triển.</p><figure class=\"image\"><img src=\"https://cdn.nhathuoclongchau.com.vn/unsafe/https://cms-prod.s3-sgn09.fptcloud.com/Viec_dung_la_tia_to_trong_thai_ky_Ba_bau_co_djuoc_dung_la_tia_to_khong_1_8d5a0f794c.png\" alt=\"Việc dùng lá tía tô trong thai kỳ: Bà bầu có được dùng lá tía tô không? 1\"><figcaption><i>Lá tía tô giàu dưỡng chất thiết yếu</i></figcaption></figure><h2><strong>Các lợi ích khi sử dụng lá tía tô trong thai kỳ</strong></h2><p>Lá tía tô được cho là có khả năng chống viêm, giúp thư giãn cơ bắp và có tác dụng thông mạch máu. Không cần quan tâm chuyện bà bầu có được dùng lá tía tô không, mẹ bầu có thể ăn lá tía tô để cơ thể hấp thụ được những lợi ích sau:</p><ul><li><strong>Nhiều&nbsp;</strong><a href=\"https://nhathuoclongchau.com.vn/bai-viet/chat-chong-oxy-hoa-la-gi-nhung-chat-nao-co-tac-dung-chong-oxy-hoa-61065.html\"><strong>chất chống oxy hóa</strong></a><strong>: </strong>Lá tía tô có chứa chất chống oxy hóa tự nhiên, giúp giảm căng thẳng và bảo vệ tế bào. Điều này đặc biệt có lợi cho thai nhi khi nhu cầu về chất chống oxy hóa của cơ thể gia tăng.</li><li><strong>Hỗ trợ tiêu hoá: </strong>Lá tía tô được cho là có khả năng hỗ trợ tiêu hóa, giảm các triệu chứng như đầy hơi và khó tiêu khi mang thai.</li><li><strong>Hỗ trợ </strong><a href=\"https://nhathuoclongchau.com.vn/bai-viet/he-mien-dich-co-vai-tro-gi-hai-cach-giup-tang-cuong-he-mien-dich-hieu-qua-48008.html\"><strong>hệ miễn dịch</strong></a><strong>: </strong>Các vitamin và khoáng chất có trong lá tía tô giúp tăng cường hệ miễn dịch, bảo vệ cơ thể khỏi nguy cơ mắc một số bệnh ảnh hưởng đến mẹ và bé trong lúc mang thai như dị tật.</li><li><strong>Mức canxi trong máu: </strong>Lá tía tô chứa canxi - một khoáng chất quan trọng cho sức khỏe xương và quá trình đông máu. Duy trì mức canxi đủ trong suốt thai kỳ là điều quan trọng để hỗ trợ phát triển khung xương của thai nhi.</li><li><strong>Giảm cảm giác ốm nghén:</strong> Lá tía tô được các lương y xưa sử dụng trong các bài thuốc nam. Loại lá này được xem như một vị thuốc dân gian có công dụng giảm cảm giác mệt mỏi, khó chịu, buồn <a href=\"https://nhathuoclongchau.com.vn/benh/non-873.html\">nôn</a>, kén ăn trong kỳ ốm nghén của thai phụ.</li><li><strong>Mang lại làn da trắng sáng cho mẹ bầu: </strong>Trong thời kỳ mang thai, thai phụ cần tránh sử dụng mỹ phẩm chăm sóc da. Tuy nhiên ba tháng đầu thai kỳ là khoảng thời gian thay đổi nội tiết tố trong cơ thể, mẹ bầu có thể bị nổi mụn. Do đó, mẹ có thể áp dụng cách giã lá tía tô tươi và vắt lấy nước rồi bôi lên vùng da mụn. Sau 20 - 30 phút thì rửa mặt lại với nước ấm.</li></ul><h2><strong>Bà bầu có được dùng lá tía tô không?</strong></h2><p>Đối với phụ nữ có thai, các thực phẩm có khả năng hỗ trợ tăng sức đề kháng hoặc các bài thuốc dân gian có hiệu quả luôn được ưu tiên sử dụng. Lá tía tô có nhiều tác dụng tuyệt vời cho bà bầu, không những xuất hiện trong các bài thuốc hay mẹo vặt mà còn có thể giúp mẹ bầu làm đẹp da.</p><figure class=\"image\"><img src=\"https://cdn.nhathuoclongchau.com.vn/unsafe/https://cms-prod.s3-sgn09.fptcloud.com/Viec_dung_la_tia_to_trong_thai_ky_Ba_bau_co_djuoc_dung_la_tia_to_khong_2_338aad5658.png\" alt=\"Việc dùng lá tía tô trong thai kỳ: Bà bầu có được dùng lá tía tô không? 2\"><figcaption><i>Bà bầu có được dùng lá tía tô không?</i></figcaption></figure><p>Một vài công dụng mà lá tía tô mang đến cho bà bầu như: Giải cảm với các món ăn chế biến từ lá tía tô, ngoài ra sử dụng lá tía tô để ngâm chân có thể giúp mẹ giảm sưng phù bàn chân trong giai đoạn cuối của thai kỳ,...</p><h2><strong>Những lưu ý khi sử dụng lá tía tô mẹ bầu cần nhớ</strong></h2><p>Không được lạm dụng, lá tía tô cần phải được mẹ bầu sử dụng đúng cách thì mới mang lại hiệu quả tối đa. Mặc dù lá tía tô có nhiều lợi ích trong thai kỳ, nhưng chúng ta cũng nên cẩn trọng và tuân thủ một số lưu ý quan trọng khi dùng lá tía tô cho mẹ bầu:&nbsp;</p><ul><li><strong>Ăn và dùng lá tía tô với liều lượng vừa phải: </strong>Cũng như bất kỳ thực phẩm nào, việc duy trì sự cân đối là rất quan trọng.</li><li><strong>Dị ứng:</strong> Một số người có thể bị dị ứng với lá tía tô hoặc các loại thảo dược khác. Bà bầu cần cảnh giác với bất kỳ phản ứng dị ứng nào và tìm kiếm sự giúp đỡ y tế nếu cần.</li></ul><figure class=\"image\"><img src=\"https://cdn.nhathuoclongchau.com.vn/unsafe/https://cms-prod.s3-sgn09.fptcloud.com/Viec_dung_la_tia_to_trong_thai_ky_Ba_bau_co_djuoc_dung_la_tia_to_khong_3_14e8624a0c.png\" alt=\"Việc dùng lá tía tô trong thai kỳ: Bà bầu có được dùng lá tía tô không? 3\"><figcaption><i>Mẹ bầu cần nắm một vài lưu ý trước khi sử dụng lá tía tô</i></figcaption></figure><p>Trên đây là thông tin giải đáp thắc mắc <a href=\"https://nhathuoclongchau.com.vn/bai-viet/ba-bau-co-duoc-dung-la-tia-to-trong-thai-ky-khong.html\">bà bầu có được dùng lá tía tô không</a> mà nhà thuốc Nhật Minh muốn gửi đến bạn.</p><p>Việc bổ sung lá tía tô vào chế độ ăn uống trong thai kỳ có thể mang đến nhiều dưỡng chất và hỗ trợ sức khỏe cho mẹ bầu. Tuy nhiên, điều quan trọng là cần sử dụng đúng cách. Đặt sức khỏe của mẹ và sự phát triển khỏe mạnh của thai nhi lên hàng đầu vẫn là mục tiêu chính trong hành trình kỳ diệu này. Chúc các mẹ có một sức khỏe tốt và hoàn thành xuất sắc hành trình vượt cạn sắp tới nhé.</p>','Lá tía tô là một trong nhiều thảo dược được các mẹ truyền tai nhau với nhiều lợi ích cho quá trình mang thai. Tuy nhiên một số bà mẹ vẫn thắc mắc không biết bà bầu có được dùng lá tía tô không. Nên dùng như thế nào là tốt nhất cho cả mẹ và thai nhi?','/news/1694318385607.jpg','10/9/2023 10:59','Admin Nga','news',2),(5,'Vì sao ăn hàu lại tăng cường sinh lực nam giới?','<p>Hàu biển có thực sự giúp nam giới cải thiện chức năng sinh dục? Để làm rõ điều này, chúng ta cùng tìm hiểu về thành phần dinh dưỡng của hàu biển, tác dụng của hàu đối với nam giới, các lưu ý khi ăn hàu và cách cải thiện sinh lý nam giới bằng hàu biển an toàn nhất.</p><h2><strong>Các thành phần dinh dưỡng có trong hàu biển</strong></h2><p>Hàu biển là loài sinh vật giàu dinh dưỡng. Trong 100g hàu gồm có:</p><ul><li>1,5g chất béo;</li><li>10,9g protein;</li><li>Carbohydrate;</li><li>Các loại vitamin như A, B1, B2, B3, C và D;</li><li>Các khoáng chất như sắt, kali, đồng, phốt pho, magie,...;</li><li>47,8mg kẽm.</li></ul><p>Các loại vitamin có trong hàu biển có tác dụng tăng khả năng chống viêm, giảm mệt mỏi, cải thiện quá trình trao đổi chất. Trong khi đó, lượng kẽm dồi dào có trong hàu biển rất cần thiết cho sự cấu tạo của <a href=\"https://nhathuoclongchau.com.vn/bai-viet/testosterone-la-gi-vai-tro-cua-no-voi-nam-gioi-46704.html\">hormon Testosterone</a>, cải thiện chức năng thận và tăng cường hệ miễn dịch cho cơ thể.</p><figure class=\"image\"><img src=\"https://cdn.nhathuoclongchau.com.vn/unsafe/800x0/https://cms-prod.s3-sgn09.fptcloud.com/vi_sao_an_hau_lai_tang_cuong_sinh_luc_nam_gioi_1_f8cad6754e.jpg\" alt=\"Vì sao ăn hàu lại tăng cường sinh lực nam giới 1\"><figcaption><i>Hàu biển chứa nhiều chất dinh dưỡng khác nhau, đặc biệt là kẽm</i></figcaption></figure><h2><strong>Tác dụng của hàu biển đối với sinh lực nam giới</strong></h2><h3><strong>Tăng cường Testosterone và tăng ham muốn</strong></h3><p>Trung bình trong 100g thực phẩm thì hàu biển chứa lượng kẽm dồi dào nhất. Kẽm là thành phần quan trọng trong việc cấu thành Testosterone - một loại hormon quyết định đến khả năng tình dục và sinh sản ở nam giới. Ngoài ra, axit D-aspartic trong hàu còn giúp thúc đẩy sản xuất và cân bằng nội tiết tố trong cơ thể.</p><h3><strong>Hỗ trợ trong việc cải thiện rối loạn cương dương</strong></h3><p>Omega-3 có trong hàu biển là một loại acid béo cần thiết cho cơ thể. Omega-3 có tác dụng nổi bật nhất là chống viêm. Bên cạnh đó, Omega-3 còn cải thiện chức năng nội mô mạch máu. Do đó, cơ thể kiểm soát tốt lượng máu trong thành mạch giúp cải thiện tình trạng <a href=\"https://nhathuoclongchau.com.vn/benh/roi-loan-cuong-duong-494.html\">rối loạn cương dương</a>.</p><h3><strong>Duy trì thể lực</strong></h3><p>Hàu biển giàu dinh dưỡng và năng lượng dồi dào giúp cải thiện sức khỏe. Nhiều nghiên cứu đã chỉ ra rằng, nam giới ăn hàu biển thường xuyên sẽ tăng cường thể lực. Qua đó, họ có thể kéo dài thời gian quan hệ và cải thiện đời sống vợ chồng.</p><figure class=\"image\"><img src=\"https://cdn.nhathuoclongchau.com.vn/unsafe/800x0/https://cms-prod.s3-sgn09.fptcloud.com/vi_sao_an_hau_lai_tang_cuong_sinh_luc_nam_gioi_2_017e87b710.jpg\" alt=\"Vì sao ăn hàu lại tăng cường sinh lực nam giới 2\"><figcaption><i>Nam giới có thể kéo dài thời gian “yêu” khi ăn hàu biển thường xuyên</i></figcaption></figure><h2><strong>Những rủi ro khi ăn hàu biển</strong></h2><p>Mặc dù hàu biển mang lại nhiều lợi ích sức khỏe và an toàn nhưng nếu lạm dụng hàu biển thì sẽ ảnh hưởng xấu đến sức khỏe và dẫn đến nhiều bệnh lý nguy hiểm.</p><p>Nếu ăn quá nhiều, hệ tiêu hóa sẽ phải hoạt động nhiều hơn. Do đó, những người bị rối loạn tiêu hóa ăn quá nhiều hàu có thể bị khó tiêu, buồn nôn, chướng bụng, ợ chua,... Hệ tiêu hóa hoạt động nhiều hơn cũng khiến cơ thể nhanh hao hụt năng lượng dẫn đến mệt mỏi.</p><p>Nhiều người có thói quen ăn hàu sống sẽ có nguy cơ cao bị nhiễm giun sán. Người bị nhiễm giun sán sẽ có các triệu chứng như nôn mửa, sốt, tiêu chảy, nhiễm khuẩn và thậm chí bị <a href=\"https://nhathuoclongchau.com.vn/benh/nhiem-trung-huyet-95.html\">nhiễm trùng huyết</a>. Bên cạnh đó, hàu biển có thể chứa các kim loại nặng như thủy ngân và chì đều không tốt và khiến cho người ăn bị nhiễm độc.</p><p>Vì vậy, nam giới nên ăn hàu hợp lý để bảo vệ sức khỏe. Mỗi tuần nên ăn tối đa 3 lần, mỗi lần từ 3 đến 4 con. Bên cạnh đó, bạn chỉ nên ăn hàu được nấu chín để không bị nhiễm khuẩn và nhiễm ký sinh trùng.</p><figure class=\"image\"><img src=\"https://cdn.nhathuoclongchau.com.vn/unsafe/800x0/https://cms-prod.s3-sgn09.fptcloud.com/vi_sao_an_hau_lai_tang_cuong_sinh_luc_nam_gioi_3_434ec467b8.jpg\" alt=\"Vì sao ăn hàu lại tăng cường sinh lực nam giới 3\"><figcaption><i>Bạn không nên ăn hàu sống để hạn chế nhiễm khuẩn và nhiễm ký sinh trùng</i></figcaption></figure><h2><strong>Cải thiện sinh lực nam giới với viên nén Orihiro New Oyster Extract</strong></h2><p>Hàu biển sau khi được chế biến có thể bị giảm dinh dưỡng. Vì vậy, bạn có thể sử dụng các sản phẩm chiết xuất tinh chất hàu biển để giữ nguyên các tác dụng của chúng nhưng vẫn tránh được các rủi ro khi ăn hàu biển.</p><p>Viên nén <a href=\"https://nhathuoclongchau.com.vn/thuc-pham-chuc-nang/orihiro-new-oyster-extract-120-v.html\">Orihiro New Oyster Extract</a> chứa tinh chất hàu biển tươi từ thiên nhiên, bổ sung thêm kẽm, vitamin B1, B2, B6 và B12 giúp tăng cường thể lực và sinh lực cho nam giới. Ngoài ra, sản phẩm còn hỗ trợ trong quá trình điều trị chứng <a href=\"https://nhathuoclongchau.com.vn/bai-viet/man-duc-nam-som-yeu-to-nguy-co-trieu-chung-va-cach-dieu-tri.html\">mãn sinh dục nam</a> và suy giảm khả năng sinh lý.</p><p>Không chỉ có tác dụng với sức khỏe sinh sản của nam giới, sản phẩm còn hỗ trợ cải thiện hệ miễn dịch, tốt cho tim mạch, thị lực, trí não và phòng chống loãng xương. Do đó, việc sử dụng viên nén Orihiro New Oyster Extract có thể cải thiện sức khỏe tổng thể của người dùng.</p><p>Sản phẩm được sản xuất bởi thương hiệu Orihiro đến từ Nhật Bản. Với hơn 40 năm kinh nghiệm trong việc nghiên cứu và sản xuất các sản phẩm bảo vệ sức khỏe, thương hiệu đã khẳng định được chất lượng và chinh phục được nhiều người dùng tại nhiều thị trường trên thế giới.</p><p>Orihiro New Oyster Extract không phù hợp sử dụng cho các trường hợp sau đây:</p><ul><li>Người bị huyết áp cao và mắc các bệnh tim mạch;</li><li>Nam giới từ dưới 18 tuổi;</li><li>Người mẫn cảm với thành phần của thuốc.</li></ul><figure class=\"image\"><img src=\"https://cdn.nhathuoclongchau.com.vn/unsafe/800x0/https://cms-prod.s3-sgn09.fptcloud.com/vi_sao_an_hau_lai_tang_cuong_sinh_luc_nam_gioi_4_07faea9758.jpg\" alt=\"Vì sao ăn hàu lại tăng cường sinh lực nam giới 4\"><figcaption><i>Orihiro New Oyster Extract chứa tinh chất hàu biển giúp cải thiện sinh lực nam giới</i></figcaption></figure><p>Nhiều nghiên cứu đã chứng minh hàu biển có tác dụng <a href=\"https://nhathuoclongchau.com.vn/bai-viet/vi-sao-an-hau-lai-tang-cuong-sinh-luc-nam-gioi.html\">tăng cường sinh lực cho nam giới</a>. Tuy nhiên, bạn cần lưu ý một số vấn đề khi ăn hàu biển để tránh các rủi ro về sức khỏe. Bên cạnh đó, bạn cũng có thể sử dụng Orihiro New Oyster Extract với tinh chất hàu biển an toàn giúp hỗ trợ sinh lực nam giới và cải thiện sức khỏe hiệu quả.</p>','Hàu là một loài nhuyễn thể có vỏ sống ở nước mặn. Cho đến nay, hàu trở thành một trong những loại hải sản được nhiều người yêu thích. Không chỉ có vậy, hàu biển còn chứa nhiều chất dinh dưỡng, đặc biệt là khả năng tăng cường sinh lực cho phái mạnh.','/news/1694318455937.jpg','10/9/2023 11:0','Adin Hùng','news',0),(6,'Cảnh báo các tác hại của rượu bia đối với nam giới','<p>Việc sử dụng rượu bia có lẽ không còn quá xa lạ đối với nam giới. Tuy nhiên, nếu uống rượu bia quá nhiều sẽ mang lại vô vàn tác động tiêu cực đến sức khoẻ nam giới nói riêng và mọi người nói chung.</p><h2><strong>Lạm dụng rượu bia là như thế nào?</strong></h2><p><a href=\"https://nhathuoclongchau.com.vn/bai-viet/nghien-ruou-nguyen-nhan-trieu-chung-va-cach-xu-tri-51141.html\">Lạm dụng rượu và bia</a> là quá trình sử dụng chúng có hậu quả là ảnh hưởng đến chức năng của cơ thể và có thể hiện các triệu chứng lâm sàng. Tổ chức Y tế Thế giới (WHO) đã đưa ra tiêu chuẩn để xác định lạm dụng rượu và bia như sau:</p><ul><li>Đối với nữ giới: Tiêu thụ hơn 14 đơn vị rượu mỗi tuần; hoặc 2 đơn vị rượu mỗi ngày; hoặc hơn ½ đơn vị rượu/giờ.</li><li>Đối với nam giới: Tiêu thụ hơn 21 đơn vị rượu mỗi tuần; hoặc 3 đơn vị rượu mỗi ngày; hoặc hơn 1 đơn vị rượu/giờ.</li></ul><p>Một đơn vị rượu theo tiêu chuẩn của WHO tương đương với 10g ethanol. Mức này tương đương với:</p><ul><li>2/3 chai bia có dung tích 330ml (5% cồn).</li><li>1 cốc bia hơi có dung tích 330ml.</li><li>1 ly rượu vang có dung tích 80ml.</li><li>1 chén rượu mạnh có dung tích 25ml (40% cồn).</li></ul><figure class=\"image\"><img src=\"https://cdn.nhathuoclongchau.com.vn/unsafe/800x0/https://cms-prod.s3-sgn09.fptcloud.com/canh_bao_cac_tac_hai_cua_ruou_bia_doi_voi_nam_gioi_7068915196.jpeg\" alt=\"Cảnh báo các tác hại của rượu bia đối với nam giới 1\"><figcaption><i>Tỉ lệ nam giới lạm dụng rượu bia ngày một tăng cao</i></figcaption></figure><p>Việc lạm dụng này sẽ mang lại nhiều hậu quả không lường được của rượu và bia đối với nam giới.</p><h2><strong>Những tác hại của rượu bia đối với nam giới cần biết</strong></h2><h3><strong>Tác động tiêu cực đến ngoại hình</strong></h3><p>Cốc bia nhẹ với dung tích khoảng 1,6 lít trong cơ thể tương đương với lượng calo của một chiếc bánh hamburger kèm theo một cái hot-dog và một cái bánh doughnut. Lượng calo lớn này dễ làm cho nam giới tích tụ mỡ bụng và tăng cân.</p><p>Rượu bia có thể làm chậm quá trình đốt chất béo trong cơ thể. Nguyên nhân là do cơ thể phải dành thời gian để loại bỏ chất độc từ rượu trước.</p><p>Ngoài ra, những tác động xấu khác mà rượu bia ảnh hưởng đến ngoại hình của nam giới có thể kể đến như bụng bia, rụng tóc,<a href=\"https://nhathuoclongchau.com.vn/bai-viet/teo-tinh-hoan-co-chua-duoc-khong-nguyen-nhan-va-cach-dieu-tri.html\"> teo tinh hoàn</a>, rối loạn tế bào da dẫn đến bệnh hồng ban (khuôn mặt đỏ hơn do giãn mạch máu). Một số trường hợp có thể xuất hiện các vết sưng đỏ như dị ứng và mủ.</p><figure class=\"image\"><img src=\"https://cdn.nhathuoclongchau.com.vn/unsafe/800x0/https://cms-prod.s3-sgn09.fptcloud.com/canh_bao_cac_tac_hai_cua_ruou_bia_doi_voi_nam_gioi_1_adb9b26ba9.jpeg\" alt=\"Cảnh báo các tác hại của rượu bia đối với nam giới 2\"><figcaption><i>Rượu bia tác động tiêu cực đến ngoại hình nam giới một cách nghiêm trọng</i></figcaption></figure><h3><strong>Tác động đến khả năng sinh sản</strong></h3><p>Một trong những tác hại của rượu bia đối với nam giới cực kì đáng báo động đó là gây ảnh hưởng đến sức khỏe sinh dục, bao gồm <a href=\"https://nhathuoclongchau.com.vn/bai-viet/nguyen-nhan-va-cach-khac-phuc-trinh-trang-lam-giam-ham-muon-o-nu-gioi-72661.html\">giảm ham muốn</a>, giảm khả năng thụ tinh và trong trường hợp nặng nhất, gây vô sinh.</p><p>Các hậu quả cụ thể của rượu bia đối với sức khỏe sinh dục là:</p><ul><li>Giảm chức năng tinh hoàn: Tinh hoàn không phát triển tinh trùng đúng cách, hạn chế khả năng di chuyển và thụ tinh với buồng trứng. Ngoài ra, gan không thể chuyển hóa vitamin một cách hiệu quả, dẫn đến giảm chất lượng tinh trùng.</li><li>Giảm nồng độ testosterone: Gây giảm ham muốn tình dục, giảm chất lượng và số lượng tinh trùng.</li><li>Rối loạn cương dương: Sự yếu đi của hệ thống thần kinh trung ương gây <a href=\"https://nhathuoclongchau.com.vn/benh/roi-loan-cuong-duong-494.html\">rối loạn cương dương</a> ở nam giới.</li></ul><p>Rất quan trọng để hiểu rõ tác động tiêu cực của rượu bia đến sức khỏe và cân nhắc việc tiêu thụ một cách hợp lý để bảo vệ sức khỏe tổng thể.</p><h3><strong>Hình thành một số căn bệnh</strong></h3><p>Lạm dụng rượu và bia có thể gây ra một số căn bệnh và tác động tiêu cực lên cơ thể. Một trong những căn bệnh phổ biến mà người sử dụng rượu và bia nhiều thường gặp là viêm gan. Triệu chứng của bệnh này có thể bao gồm buồn nôn, chán ăn, da vàng, rối loạn thần kinh, đau bụng,... Nếu được phát hiện và điều trị kịp thời, viêm gan có thể tự khỏi. Tuy nhiên, tiếp tục sử dụng quá liều rượu và bia sẽ dẫn đến nguy cơ mắc ung thư gan và thậm chí tử vong.</p><p>Ngoài ra, những người nghiện rượu và sử dụng một lượng lớn rượu và bia trong 1 - 2 ngày liên tiếp có thể trải qua các biểu hiện như mất ngủ hoặc ngủ không yên, tâm trạng không ổn định, gặp ảo giác, run chân tay, khó điều chỉnh khi di chuyển,... Lạm dụng rượu và bia cũng có thể gây ra những bệnh lý gián tiếp như gút, bệnh tim mạch, vấn đề về dạ dày,...</p><figure class=\"image\"><img src=\"https://cdn.nhathuoclongchau.com.vn/unsafe/800x0/https://cms-prod.s3-sgn09.fptcloud.com/canh_bao_cac_tac_hai_cua_ruou_bia_doi_voi_nam_gioi_2_e8ef88a1db.jpeg\" alt=\"Cảnh báo các tác hại của rượu bia đối với nam giới 3\"><figcaption><i>Rượu bia còn có thể khiến nam giới viêm loét dạ dày</i></figcaption></figure><h2><strong>Cách hạn chế tác hại của rượu bia đối với nam giới</strong></h2><p>Thật khó để đưa ra quyết định rằng nam giới phải hoàn toàn ngừng uống rượu và bia. Điều này bởi cuộc sống và công việc thường đòi hỏi nam giới tham gia nhiều buổi tiệc, trong đó rượu và bia là một phần không thể thiếu. Tuy nhiên, vẫn có những cách giúp giảm tác động tiêu cực của rượu và bia đối với nam giới. Áp dụng những nguyên tắc sau đây sẽ giúp cải thiện sức khỏe:</p><ul><li>Hạn chế lượng rượu và bia uống trong mỗi lần, chỉ nên uống một lượng vừa phải và từ từ.</li><li>Không kết hợp rượu và bia trong cùng một lần uống vì có thể gây <a href=\"https://nhathuoclongchau.com.vn/bai-viet/the-nao-la-ngo-doc-ruou-va-cach-xu-tri-khi-bi-ngo-doc-44549.html\">ngộ độc rượu</a> do nồng độ cồn trong máu tăng đột ngột.</li><li>Ăn một ít thức ăn trước khi uống rượu và tránh uống rượu khi dạ dày đang rỗng.</li><li>Tránh việc hút thuốc hoặc ăn đồ cay nóng cùng lúc với việc uống rượu.</li><li>Lựa chọn những loại rượu và bia chất lượng, có nguồn gốc rõ ràng và xuất xứ đáng tin cậy.</li><li>Tuân thủ nguyên tắc uống rượu và bia chỉ theo lượng khuyến cáo mỗi ngày. Tránh việc uống quá nhiều và rơi vào tình trạng lạm dụng.</li></ul><p>Nếu bạn đang trải qua tình trạng lạm dụng rượu và bia ảnh hưởng đến sức khỏe, hãy thực hiện những thói quen tốt để bảo vệ sức khỏe của mình. Nam giới có thể tập luyện thể thao, duy trì tinh thần tích cực, tự kiểm soát và lắng nghe lời khuyên từ những người thân xung quanh để giúp giảm thiểu việc tiếp tục lạm dụng rượu và bia, từ đó hạn chế được những <a href=\"https://nhathuoclongchau.com.vn/bai-viet/canh-bao-cac-tac-hai-cua-ruou-bia-doi-voi-nam-gioi.html\">tác hại của rượu bia đối với nam giới</a>.</p>','Thông tin về các tác hại của rượu bia có lẽ đã phổ biến trên các phương tiện truyền thông, tuy nhiên không phải ai cũng thực sự hiểu rõ tính nghiêm trọng của việc lạm dụng rượu bia này.','/news/1694318619234.jpg','10/9/2023 11:3','Hoàng Nhật Minh','hot',0),(7,'Tiêu hoá kém: Nguyên nhân và biện pháp cải thiện','<p>Để duy trì sức khỏe tốt, việc cung cấp đầy đủ chất dinh dưỡng cho cơ thể là cực kỳ quan trọng. Các chất dinh dưỡng chủ yếu được cung cấp qua thức ăn, sau đó qua quá trình tiêu hóa, chúng được biến đổi thành các dưỡng chất có lợi để cơ thể có thể hấp thụ dễ dàng.</p><p>Tiêu hoá kém, một vấn đề sức khỏe phổ biến mà nhiều người đang dần phải đối mặt trong cuộc sống hiện đại. Trong bài viết này, chúng ta sẽ khám phá những nguyên nhân gây tiêu hoá kém, tác động của nó đối với sức khỏe tổng thể, và cách để cải thiện tình trạng này để đảm bảo cuộc sống khỏe mạnh và hạnh phúc hơn.</p><h2><strong>Tiêu hóa kém là như thế nào?</strong></h2><p>Hệ tiêu hóa được hình thành bởi năm bộ phận gồm miệng, thực quản, dạ dày, ruột non và ruột già. Mỗi bộ phận này đóng vai trò riêng biệt trong quá trình biến đổi thức ăn thành chất dinh dưỡng để cung cấp năng lượng cho cơ thể.</p><p>Tiêu hóa kém xảy ra khi quá trình tiêu hóa diễn ra chậm hơn do một trong số các bộ phận của hệ tiêu hóa gặp vấn đề khiến thức ăn không được chuyển hóa kịp thời và gây ra các triệu chứng như đầy hơi, buồn nôn, <a href=\"https://nhathuoclongchau.com.vn/benh/tao-bon-246.html\">táo bón</a> hoặc tiêu chảy.</p><figure class=\"image\"><img src=\"https://cdn.nhathuoclongchau.com.vn/unsafe/800x0/https://cms-prod.s3-sgn09.fptcloud.com/tieu_hoa_kem_nguyen_nhan_va_bien_phap_cai_thien_1_e8b99cd0c2.jpeg\" alt=\"Tiêu hoá kém: Nguyên nhân và biện pháp cải thiện 1\"><figcaption><i>Tiêu hoá kém là tình trạng nhiều người dễ mắc phải</i></figcaption></figure><h2><strong>Những nguyên nhân gây ra tình trạng tiêu hóa kém</strong></h2><p>Có nhiều nguyên nhân gây ra tình trạng tiêu hóa kém, dưới đây là những lý do phổ biến nhất:</p><ul><li>Căng thẳng: Cuộc sống bận rộn và công việc áp lực có thể gây căng thẳng, ảnh hưởng đến sức khỏe tổng thể, bao gồm cả hệ tiêu hóa. Căng thẳng thường dẫn đến mất ngủ, tâm lý không ổn định và cơ thể mệt mỏi, từ đó cản trở quá trình hoạt động của hệ tiêu hóa.</li><li>Thói quen ăn uống không khoa học: Chế độ ăn uống đóng vai trò quan trọng đối với sức khỏe của hệ tiêu hóa. Sử dụng thức ăn nhanh hoặc vừa ăn vừa làm có thể gây hại cho hệ tiêu hóa.</li><li>Thiếu vận động: Lối sống ít vận động là nguyên nhân gây ra hàng loạt các vấn đề về sức khỏe bao gồm cả hệ tiêu hóa. Khi ít vận động, hệ tiêu hóa hoạt động không hiệu quả và khả năng hấp thụ dưỡng chất giảm đi.</li><li>Bệnh lý: Một số bệnh lý, như viêm loét dạ dày, <a href=\"https://nhathuoclongchau.com.vn/benh/trao-nguoc-da-day-135.html\">trào ngược dạ dày thực quản</a>, viêm đại tràng, hội chứng ruột kích thích và các rối loạn chuyển hóa nội tiết có thể gây ra tình trạng tiêu hóa kém.</li></ul><h2><strong>Tiêu hóa kém có nguy hiểm không?</strong></h2><p>Tiêu hóa kém là một vấn đề không thể coi thường và chủ quan. Tình trạng này có khả năng gây rối loạn hệ tiêu hóa, ảnh hưởng lớn đến hoạt động của các cơ quan trong hệ tiêu hóa.&nbsp;</p><p>Khi hệ tiêu hóa hoạt động kém, cơ thể sẽ không nhận được đủ năng lượng và dưỡng chất cần thiết, từ đó làm suy giảm hệ thống miễn dịch của cơ thể. Điều này cũng giải thích lý do tại sao những người có hệ tiêu hóa kém thường có nguy cơ mắc các bệnh truyền nhiễm và bệnh mãn tính cao hơn, và quá trình lão hóa của họ diễn ra nhanh hơn so với những người có hệ tiêu hóa hoạt động bình thường.</p><figure class=\"image\"><img src=\"https://cdn.nhathuoclongchau.com.vn/unsafe/800x0/https://cms-prod.s3-sgn09.fptcloud.com/tieu_hoa_kem_nguyen_nhan_va_bien_phap_cai_thien_2_66fdb28bae.jpeg\" alt=\"Tiêu hoá kém: Nguyên nhân và biện pháp cải thiện 2\"><figcaption><i>Tiêu hóa kém có nguy hiểm không?</i></figcaption></figure><p>Ngoài ra, một số bệnh nhân có hệ tiêu hóa kém có thể phải đối mặt với chứng thiếu cân kéo dài gây <a href=\"https://nhathuoclongchau.com.vn/benh/suy-dinh-duong-298.html\">suy dinh dưỡng</a>. Trường hợp, phụ nữ có vấn đề về tiêu hóa mãn tính, họ phải đối diện với nguy cơ cao bị thiếu máu, rụng tóc và xương yếu, vô sinh,...</p><h2><strong>Một số dấu hiệu của tình trạng tiêu hóa kém</strong></h2><p>Dưới đây là một số triệu chứng biểu hiện hệ tiêu hóa kém:</p><ul><li>Triệu chứng tiêu hóa: Bao gồm khó tiêu, đau dạ dày, đầy hơi, ợ nóng, ợ chua, táo bón hoặc tiêu chảy. Những dấu hiệu này đều là tín hiệu đáng chú ý cho thấy hệ tiêu hóa của bạn đang gặp vấn đề.</li><li>Thèm ngọt: Mất cân bằng hệ vi sinh vật đường ruột cũng có thể là một nguyên nhân khiến bạn thèm ngọt, đồng thời đây cũng là một biểu hiện cho thấy hệ tiêu hóa của bạn không khỏe.</li><li>Tăng cân/giảm cân đột ngột: Đây là lúc bạn cần quan tâm đến tình trạng sức khỏe của mình nhiều hơn. Tăng cân/giảm cân đột ngột có thể là dấu hiệu của hệ tiêu hóa kém, làm ảnh hưởng đến khả năng hấp thụ dưỡng chất và tăng nguy cơ tích trữ mỡ thừa.</li><li>Mệt mỏi và rối loạn giấc ngủ: Tiêu hóa kém gây ra nhiều triệu chứng như ợ hơi, đầy bụng, tiêu chảy, táo bón và những triệu chứng này có thể dẫn đến tình trạng mệt mỏi gây ảnh hưởng trực tiếp đến giấc ngủ. Điều này xuất phát từ hormone serotonin, một hormone quan trọng ảnh hưởng đến tâm trạng và giấc ngủ, được sản xuất chủ yếu từ đường ruột. Do đó, khi đường ruột bị ảnh hưởng bởi tiêu hóa kém, giấc ngủ của người bệnh dễ bị rối loạn.</li><li>Da dễ bị kích ứng: Hệ tiêu hóa hoạt động kém có thể là nguyên nhân khiến cho làn da của bạn dễ bị kích ứng và tăng nguy cơ mắc một số bệnh lý về da.</li><li>Nguy cơ mắc các bệnh tự miễn: Hệ tiêu hóa kém sẽ tác động trực tiếp lên hệ thống miễn dịch của bạn, làm tăng nguy cơ mắc phải các bệnh tự miễn.</li></ul><h2><strong>Phải làm sao để cải thiện tình trạng tiêu hóa kém?</strong></h2><p>Dưới đây là một số cách bạn có thể cải thiện tình trạng tiêu hóa kém của mình:</p><ul><li>Kiểm soát căng thẳng: Duy trì tâm trạng tích cực và lạc quan có thể góp phần cải thiện sức khỏe của hệ tiêu hóa. Các biện pháp giảm căng thẳng, chẳng hạn như tập thở sâu, nghe nhạc, đi dạo, <a href=\"https://nhathuoclongchau.com.vn/bai-viet/loi-ich-cua-tap-yoga-la-gi-tim-hieu-cac-truong-phai-yoga-hien-nay-65532.html\">yoga</a>,... có thể giúp giảm căng thẳng.</li><li>Tuân thủ chế độ ăn cân bằng dinh dưỡng: Lựa chọn thực phẩm giàu dưỡng chất và thân thiện với hệ tiêu hóa. Nên ăn các loại thực phẩm dễ tiêu hóa và hạn chế các thực phẩm khó tiêu trong khẩu phần hàng ngày của bạn.</li><li>Tăng cường hoạt động thể chất: Thực hiện các hoạt động thể chất sẽ giúp cải thiện chức năng hệ tiêu hóa. Tập thể dục hàng ngày sẽ kích thích cơ thể sản xuất các chất chống viêm, giảm nguy cơ viêm nhiễm đường tiêu hóa và nhiều vấn đề tiêu hóa khác.</li></ul><figure class=\"image\"><img src=\"https://cdn.nhathuoclongchau.com.vn/unsafe/800x0/https://cms-prod.s3-sgn09.fptcloud.com/tieu_hoa_kem_nguyen_nhan_va_bien_phap_cai_thien_3_62216938cd.jpeg\" alt=\"Tiêu hoá kém: Nguyên nhân và biện pháp cải thiện 3\"><figcaption><i>Tăng cường tập thể dục để cải thiện hệ tiêu hoá</i></figcaption></figure><ul><li>Uống đủ nước: Thiếu nước khiến cơ thể mệt mỏi cũng như ảnh hưởng đến quá trình trao đổi chất và hoạt động của hệ tiêu hóa. Vậy nên, hãy đảm bảo bạn uống đủ từ 1,5 đến 2 lít nước mỗi ngày để hệ tiêu hóa của bạn hoạt động một cách hiệu quả.</li><li>Thăm khám và điều trị các bệnh liên quan: Nếu tiêu hóa kém là do một bệnh lý nào đó, bạn cần tới các cơ sở y tế để được chẩn đoán và điều trị kịp thời.</li><li>Sử dụng Probiotics: Bổ sung hàng ngày các loại vi khuẩn có lợi (Probiotics) vào chế độ ăn uống. Chúng có thể giúp cân bằng vi khuẩn trong ruột, tăng cường quá trình tiêu hóa thức phẩm, hấp thụ dưỡng chất, và hỗ trợ hệ miễn dịch</li></ul><p><a href=\"https://nhathuoclongchau.com.vn/bai-viet/tieu-hoa-kem-nguyen-nhan-va-bien-phap-cai-thien.html\">Tiêu hóa kém</a> ảnh hưởng nghiêm trọng đến sức khỏe, thậm chí có thể đe dọa tính mạng. Do đó, cần phải xây dựng một chế độ ăn uống cung cấp đủ dưỡng chất và duy trì các thói quen sinh hoạt điều độ, đi kèm kiểm tra sức khỏe định kỳ để đảm bảo hệ tiêu hóa luôn khỏe mạnh và hiệu quả trong việc phòng ngừa các bệnh lý.</p>','Tiêu hóa kém làm suy giảm về sức khoẻ tổng thể, ảnh hưởng sự hấp thu các dưỡng chất cần thiết cho cơ thể. Vậy nguyên nhân nào dẫn đến tiêu hoá kém và cách cải thiện tình trạng tiêu hoá kém này thế nào?','/news/1694318695117.jpg','10/9/2023 11:4','Hoàng Nhật Minh','hot',0),(8,'Đau dây thần kinh liên sườn gây khó thở có nguy hiểm không?','<p>Đau dây thần kinh liên sườn gây khó thở tuy không nguy hiểm đến tính mạng nhưng ảnh hưởng trực tiếp đến sức khỏe và chất lượng cuộc sống. Trong bài viết này sẽ chia sẻ những thông tin về chứng đau dây thần kinh liên sườn gây khó thở để bạn biết cách nhận biết và điều trị tốt nhất.</p><h2><strong>Nguyên nhân đau dây thần kinh liên sườn gây khó thở</strong></h2><p>Dây thần kinh này giúp kiểm soát các cơ ở ngực và bụng. Đồng thời, dây thần kinh liên sườn kết hợp với động mạch và tĩnh mạch liên sườn tạo thành bó mạch nằm dưới mỗi xương sườn.</p><p><a href=\"https://nhathuoclongchau.com.vn/bai-viet/nguyen-nhan-dau-hieu-va-cach-giam-dau-day-than-kinh-lien-suon-71687.html\">Đau dây thần kinh liên sườn </a>gây khó thở có nhiều nguyên nhân, nếu không được điều trị kịp thời sẽ ảnh hưởng đến sức khỏe và sinh hoạt của người bệnh.</p><ul><li><a href=\"https://nhathuoclongchau.com.vn/benh/thoai-hoa-cot-song.html\">Thoái hóa cột sống</a>: Khi bị thoái hoá cột sống, ngoài cảm giác đau ở lưng, người bệnh còn cảm thấy đau ở vùng ngực.</li><li><a href=\"https://nhathuoclongchau.com.vn/benh/lao-cot-song-442.html\">Lao cột sống</a> và ung thư cột sống: Khi mắc bệnh này, người bệnh sẽ có cảm giác đau nhức dữ dội ở cột sống và hai bên sườn, mệt mỏi, chán ăn,…</li><li>Bệnh lý tủy sống: Gây đau dây thần kinh liên sườn kèm theo triệu chứng khó thở nhưng khi khám cột sống rất khó phát hiện bệnh.</li><li>Chấn thương tủy sống: Đau liên sườn và khó thở là những triệu chứng ban đầu của bệnh.</li><li>Nhiễm khuẩn: Khi bị nhiễm khuẩn rất dễ có cảm giác đau ở dây thần kinh liên sườn gây khó thở.</li><li>Hệ miễn dịch suy yếu: Sức đề kháng kém dẫn đến các bệnh về đường tiêu hóa, cơ thể mệt mỏi, khó chịu.</li><li>Tư thế ngồi sai: Tư thế sai ảnh hưởng lớn đến ngực và bụng, gây khó thở và đau nhức cơ thể.</li><li>Tác dụng phụ của thuốc: Sử dụng các loại thuốc chống viêm có chứa corticosteroid lâu dài.</li><li>Thay đổi thời tiết: Vào thời điểm chuyển mùa cũng có thể gây đau dây thần kinh liên sườn kèm theo khó thở.</li></ul><p>Tùy theo những nguyên nhân trên mà bác sĩ sẽ chỉ định phương pháp điều trị phù hợp.</p><figure class=\"image\"><img src=\"https://cdn.nhathuoclongchau.com.vn/unsafe/800x0/https://cms-prod.s3-sgn09.fptcloud.com/dau_day_than_kinh_lien_suon_gay_kho_tho_co_nguy_hiem_khong_1_5f75f75e7a.jpg\" alt=\"Đau dây thần kinh liên sườn gây khó thở có nguy hiểm không? 1\"><figcaption><i>Dây thần kinh liên sườn kết hợp với động mạch và tĩnh mạch liên sườn</i></figcaption></figure><h2><strong>Nhận biết dấu hiệu đau dây thần kinh liên sườn gây khó thở</strong></h2><p>Đau dây thần kinh liên sườn gây khó thở có thể nhận biết bằng các triệu chứng sau:</p><ul><li>Người bệnh cảm thấy đau và tức ngực ở một hoặc cả hai bên, cơn đau có thể lan xuống xương sườn theo từng đợt hoặc kéo dài liên tục.</li><li>Khi ấn tay vào ngực hoặc ho, hắt hơi, sổ mũi, thay đổi tư thế đột ngột.</li><li>Đau nhói ở ngực.</li><li>Cùng với cơn đau, người bệnh còn cảm thấy khó thở. Những triệu chứng này thường xuất hiện vào ban đêm hoặc khi người bệnh hoạt động quá nhiều.</li><li>Trong một số trường hợp, nhiễm khuẩn còn có thể gây phát ban và mụn nước trên da.</li></ul><p>Nếu cơ thể có những dấu hiệu trên, người bệnh cần đi khám ngay để được điều trị hiệu quả.</p><h2><strong>Đau dây thần kinh liên sườn gây khó thở có nguy hiểm không?</strong></h2><p>Đau dây thần kinh liên sườn bắt nguồn từ tủy sống, phía dưới xương sườn. Đặc biệt khi đi kèm với các triệu chứng gây khó thở có thể là dấu hiệu liên quan đến hệ hô hấp, bệnh tim, thiếu oxy,... Nếu không điều trị kịp thời có thể dẫn đến các tình trạng như:</p><ul><li>Đau xương sườn mãn tính ảnh hưởng đến sinh hoạt hàng ngày.</li><li>Nếu cơn đau dữ dội, thiếu oxy sẽ dẫn đến suy hô hấp, thậm chí là ngừng thở đột ngột.</li><li>Sức đề kháng suy yếu, người bệnh thường xuyên cảm thấy mệt mỏi, mất tập trung. Đau dây thần kinh liên sườn không được điều trị làm tăng nguy cơ mắc các bệnh xơ cứng, <a href=\"https://nhathuoclongchau.com.vn/benh/zona-than-kinh-39.html\">bệnh zona</a> và <a href=\"https://nhathuoclongchau.com.vn/benh/ung-thu-vu-328.html\">ung thư vú</a>.</li></ul><p>Đau dây thần kinh liên sườn gây khó thở có thể dẫn đến những biến chứng nguy hiểm, thậm chí ảnh hưởng đến tính mạng. Vì vậy, người bệnh không được chủ quan mà nên điều trị ngay từ những dấu hiệu đầu tiên.</p><h2><strong>Cách điều trị đau dây thần kinh liên sườn gây khó thở</strong></h2><p>Sau khi khám và chẩn đoán nguyên nhân gây đau dây thần kinh liên sườn gây khó thở, tùy tình trạng cụ thể mà người bệnh có thể lựa chọn một trong các phương pháp điều trị sau.</p><h3><strong>Thay đổi tư thế ngủ</strong></h3><p>Tư thế ngủ sai lệch có thể gây đau dây thần kinh liên sườn khó thở và ảnh hưởng đến một số bộ phận khác trên cơ thể, đau nhức cơ thể vào sáng hôm sau. Vì vậy, tư thế ngủ đúng có thể cải thiện tình trạng khó thở và hỗ trợ điều trị hiệu quả chứng đau dây thần kinh liên sườn.</p><p>Tư thế ngủ đúng: Bệnh nhân nên ngủ trên bề mặt phẳng và ở tư thế nằm ngửa thay vì cuộn tròn. Ngoài ra, tránh đặt gối lên bụng hoặc ngực vì gây áp lực lên hệ hô hấp, khó thở.</p><figure class=\"image\"><img src=\"https://cdn.nhathuoclongchau.com.vn/unsafe/800x0/https://cms-prod.s3-sgn09.fptcloud.com/dau_day_than_kinh_lien_suon_gay_kho_tho_co_nguy_hiem_khong_2_ca8e9b2fb3.jpg\" alt=\"Đau dây thần kinh liên sườn gây khó thở có nguy hiểm không? 2\"><figcaption><i>Tư thế ngủ sai lệch có thể gây đau dây thần kinh liên sườn khó thở</i></figcaption></figure><h3><strong>Bài tập hít thở</strong></h3><p>Các bài tập thở có thể giúp cải thiện sức khỏe của phổi, giúp phổi nở rộng, đảm bảo sự linh hoạt ở lồng ngực, ngăn ngừa tình trạng đau ngực, khó thở.</p><p>Các bước thực hiện bài tập thở sâu như sau:</p><ul><li>Đứng hai chân rộng bằng vai, hai tay duỗi thẳng trước mặt, lòng bàn tay hướng lên.</li><li>Hít vào và giơ tay lên trời và giữ nguyên tư thế trong vài phút.</li><li>Sau đó thở ra và hạ cánh tay xuống trước mặt, lòng bàn tay hướng lên.</li><li>Cuối cùng, trở về vị trí ban đầu và lặp lại 5 - 7 lần.</li></ul><h3><strong>Tắm nước nóng</strong></h3><p>Ngâm mình trong nước nóng hoặc tắm nước nóng giúp <a href=\"https://nhathuoclongchau.com.vn/bai-viet/3-giai-phap-don-gian-giup-tang-cuong-tuan-hoan-mau-nao-69540.html\">tăng tuần hoàn máu</a>, thư giãn, kiểm soát cơn đau tức ngực, sườn, gây khó thở và cải thiện chứng đau dây thần kinh liên sườn một cách hiệu quả. Vì vậy, sau khi tắm nước ấm, người bệnh sẽ cảm thấy dễ chịu hơn.</p><h3><strong>Uống trà gừng</strong></h3><p>Uống trà gừng cũng là cách giảm đau dây thần kinh liên sườn gây khó thở. Nếu kiên trì uống trà mỗi ngày, tình trạng của bạn sẽ được cải thiện nhanh chóng, cách pha trà gừng:</p><ul><li>Gọt vỏ 1 củ gừng rửa sạch và cắt lát mỏng.</li><li>Sau đó cho gừng vào đun sôi với 300ml nước hoặc cho vào cốc nước sôi hãm khoảng 10 phút.</li><li>Khi uống cho thêm 1 muỗng cà phê mật ong và một ít nước cốt chanh.</li></ul><p>Các phương pháp giảm đau liên sườn gây khó thở ở trên phải được áp dụng thời gian dài thì mới có hiệu quả. Hơn nữa, những mẹo này chỉ phù hợp với tình trạng bệnh nhẹ, khi bệnh nặng hơn nên đi khám để bác sĩ hướng dẫn cách điều trị cụ thể.</p><h3><strong>Sử dụng thuốc tây</strong></h3><p>Trong trường hợp đau dây thần kinh liên sườn gây khó thở, bác sĩ có thể kê đơn thuốc cho bệnh nhân như sau:</p><ul><li>Thuốc không kê đơn: Kem capsaicin, miếng dán da, gel capocain dùng ngoài da.</li><li>Các loại thuốc kê đơn: Là nhóm thuốc giúp giảm nhanh các triệu chứng đau dây thần kinh liên sườn, thuốc chống co giật,...</li></ul><p>Các loại thuốc tây, đặc biệt là thuốc kê đơn có thể gây ra những tác dụng phụ cho cơ thể. Vì vậy, cần sử dụng đúng theo chỉ định của bác sĩ, tránh lạm dụng dẫn đến những rủi ro không đáng có.</p><h3><strong>Xoa bóp bấm huyệt</strong></h3><p>Cách xoa bóp, <a href=\"https://nhathuoclongchau.com.vn/bai-viet/bi-quyet-bam-huyet-chua-dau-day-than-kinh-lien-suon-hieu-qua-66589.html\">bấm huyệt để giảm đau dây thần kinh liên sườn</a> gây khó thở như sau:</p><ul><li>Xoa bóp dọc theo lưng bệnh nhân.</li><li>Sau đó ấn vào các huyệt a thị, dương lăng tuyền, nội quan,… ở vùng liên sườn.</li><li>Thực hiện massage, bấm huyệt trong vòng 30 phút/lần/ngày. Mỗi lần điều trị kéo dài 15 - 30 ngày để đạt hiệu quả tốt nhất.</li></ul><figure class=\"image\"><img src=\"https://cdn.nhathuoclongchau.com.vn/unsafe/800x0/https://cms-prod.s3-sgn09.fptcloud.com/dau_day_than_kinh_lien_suon_gay_kho_tho_co_nguy_hiem_khong_3_9059979249.jpg\" alt=\"Đau dây thần kinh liên sườn gây khó thở có nguy hiểm không? 3\"><figcaption><i>Xoa bóp bấm huyệt là cách giảm đau dây thần kinh liên sườn</i></figcaption></figure><h3><strong>Châm cứu</strong></h3><p>Châm cứu là phương pháp tác động vào huyệt đạo để điều trị triệu chứng bệnh mà không cần dùng thuốc. Đây là phương pháp điều trị được các chuyên gia đánh giá khá cao. Khi thực hiện châm cứu, bác sĩ, thầy thuốc châm cứu, bấm huyệt ở vùng liên sườn. Thời gian châm cứu từ 15 - 20 phút, kiên trì áp dụng sẽ nhanh chóng mang lại hiệu quả giảm đau.</p><p><a href=\"https://nhathuoclongchau.com.vn/bai-viet/dau-day-than-kinh-lien-suon-gay-kho-tho-co-nguy-hiem-khong.html\">Đau dây thần kinh liên sườn gây khó thở</a> có thể là dấu hiệu của nhiều căn bệnh nguy hiểm. Vì vậy, khi nghi ngờ những dấu hiệu ban đầu, bạn nên đi khám và điều trị càng sớm càng tốt.</p>','Một số người bị đau dây thần kinh liên sườn gây khó thở, tình trạng này khiến người bệnh lo lắng. Vậy đau dây thần kinh liên sườn gây khó thở có nguy hiểm không và điều trị như thế nào?','/news/1694318782953.jpg','10/9/2023 11:6','Hoàng Nhật Minh','hot',0);
/*!40000 ALTER TABLE `news` ENABLE KEYS */;
UNLOCK TABLES;

--
-- Table structure for table `orderdetail`
--

DROP TABLE IF EXISTS `orderdetail`;
/*!40101 SET @saved_cs_client     = @@character_set_client */;
/*!50503 SET character_set_client = utf8mb4 */;
CREATE TABLE `orderdetail` (
  `product_id` int NOT NULL,
  `order_id` int NOT NULL,
  `quantity` int NOT NULL,
  `price` float NOT NULL,
  PRIMARY KEY (`product_id`,`order_id`)
) ENGINE=InnoDB DEFAULT CHARSET=utf8mb4 COLLATE=utf8mb4_0900_ai_ci;
/*!40101 SET character_set_client = @saved_cs_client */;

--
-- Dumping data for table `orderdetail`
--

LOCK TABLES `orderdetail` WRITE;
/*!40000 ALTER TABLE `orderdetail` DISABLE KEYS */;
INSERT INTO `orderdetail` VALUES (1,10182442,2,39000),(1,18095758,3,39000),(1,18110338,1,39000),(2,10182442,2,164000),(2,18100540,1,164000),(3,18094607,1,100000),(3,18105304,1,100000),(4,18095153,5,60000),(8,18094607,4,239000),(17,1090456,1,150000),(17,6100059,1,150000);
/*!40000 ALTER TABLE `orderdetail` ENABLE KEYS */;
UNLOCK TABLES;

--
-- Table structure for table `orders`
--

DROP TABLE IF EXISTS `orders`;
/*!40101 SET @saved_cs_client     = @@character_set_client */;
/*!50503 SET character_set_client = utf8mb4 */;
CREATE TABLE `orders` (
  `id` int NOT NULL,
  `note` varchar(255) DEFAULT NULL,
  `createTime` varchar(255) NOT NULL,
  `status` varchar(255) NOT NULL,
  `payments` varchar(255) NOT NULL,
  `statusPayment` varchar(255) NOT NULL,
  `totalMoney` varchar(255) NOT NULL,
  `ship` varchar(255) DEFAULT NULL,
  `shipCode` varchar(255) DEFAULT NULL,
  `shipFee` float NOT NULL,
  `user_id` varchar(255) NOT NULL,
  PRIMARY KEY (`id`)
) ENGINE=InnoDB DEFAULT CHARSET=utf8mb4 COLLATE=utf8mb4_0900_ai_ci;
/*!40101 SET character_set_client = @saved_cs_client */;

--
-- Dumping data for table `orders`
--

LOCK TABLES `orders` WRITE;
/*!40000 ALTER TABLE `orders` DISABLE KEYS */;
INSERT INTO `orders` VALUES (1090456,'','1/10/2023 9:4','Chờ xác nhận','VNBANK','Chưa thanh toán','165000',NULL,NULL,30000,'3'),(6100059,'','6/10/2023 10:0','Chờ xác nhận','VNBANK','Đã thanh toán','165000',NULL,NULL,30000,'1'),(6140757,'','6/10/2023 14:7','Chờ xác nhận','VNBANK','Chưa thanh toán','13500000000039000',NULL,NULL,0,'4'),(10182442,'','10/9/2023 18:24','Đã giao hàng','VNBANK','Đã thanh toán','372000','Giao hàng tiết kiệm','089756289',30000,'1'),(18094607,'','18/9/2023 9:46','Đã xác nhận','cash','Chưa thanh toán','980000','Viettel post','123',0,'3'),(18095153,'','18/9/2023 9:51','Đang giao hàng','cash','Chưa thanh toán','330000','ShopeeExpress','123',30000,'4'),(18095758,'','18/9/2023 9:57','Đã giao hàng','cash','Chưa thanh toán','147000','Giao hàng nhanh','123',30000,'1'),(18100540,'','18/9/2023 10:5','Đã hủy','cash','Đã hoàn tiền','162000',NULL,NULL,30000,'3'),(18105304,'','18/9/2023 10:53','Chờ xác nhận','cash','Chưa thanh toán','130000',NULL,NULL,30000,'3'),(18110338,'','18/9/2023 11:3','Chờ xác nhận','cash','Chưa thanh toán','69000',NULL,NULL,30000,'3');
/*!40000 ALTER TABLE `orders` ENABLE KEYS */;
UNLOCK TABLES;

--
-- Table structure for table `producers`
--

DROP TABLE IF EXISTS `producers`;
/*!40101 SET @saved_cs_client     = @@character_set_client */;
/*!50503 SET character_set_client = utf8mb4 */;
CREATE TABLE `producers` (
  `id` int NOT NULL AUTO_INCREMENT,
  `name` varchar(255) NOT NULL,
  `image` varchar(255) DEFAULT NULL,
  `description` text,
  PRIMARY KEY (`id`)
) ENGINE=InnoDB AUTO_INCREMENT=17 DEFAULT CHARSET=utf8mb4 COLLATE=utf8mb4_0900_ai_ci;
/*!40101 SET character_set_client = @saved_cs_client */;

--
-- Dumping data for table `producers`
--

LOCK TABLES `producers` WRITE;
/*!40000 ALTER TABLE `producers` DISABLE KEYS */;
INSERT INTO `producers` VALUES (1,'RELIV PHARMA','/producer/1694327941788.png','<p>RELIV PHARMA</p>'),(2,'CÔNG TY CP THỰC PHẨM DINH DƯỠNG NUTRINEST','/producer/1694328674768.png','<p>CÔNG TY CP THỰC PHẨM DINH DƯỠNG NUTRINEST</p>'),(3,'CÔNG TY CỔ PHẦN CÔNG NGHỆ CAO TRAPHACO','/producer/1694329247287.png','<p>CÔNG TY CỔ PHẦN CÔNG NGHỆ CAO TRAPHACO</p>'),(4,'PT. ABBOTT INDONESIA','/producer/1694329563062.png','<p>PT. ABBOTT INDONESIA</p>'),(5,'Công ty TNHH Thương mại Botania ','/producer/1694330072648.jpg','<p>Công ty TNHH Thương mại Botania thành lập vào năm 2008 chuyên phân phối các sản phẩm bảo vệ sức khỏe, dược phẩm và mỹ phẩm đến từ các công ty dược hàng đầu của Mỹ và Canada. Với lý tưởng mang các sản phẩm tốt nhất thế giới về tận tay người Việt, các sản phẩm Botania cung cấp đều có xuất xứ rõ ràng, chất lượng cao, an toàn, hiệu quả và không tác dụng phụ.</p>'),(6,'Hamita','/producer/1694330512804.png','<p>Hamita</p>'),(7,'V.ROHTO','/producer/1694339188086.jpg','<p>Rohto là hãng dược phẩm được thành lập năm 1899 tại Nhật Bản với tên tiếng Anh Rohto Pharmaceutical. Với bề dày lịch sử hơn 100 năm, Rohto Pharmecautical là một trong những công ty dược mỹ phẩm uy tín nhất tại Nhật Bản và nhiều quốc gia trên toàn thế giới. Năm 1996, công ty Rohto-Mentholatum Nhật Bản đặt văn phòng đại diện tại Việt Nam, giới thiệu sản phẩm thuốc nhỏ mắt V. Rohto cùng son dưỡng môi LipIce đến người tiêu dùng Việt. Năm 1997, công ty Rohto-Mentholatum Việt Nam chính thức được thành lập và không ngừng lớn mạnh trong suốt hơn 20 năm. Công ty Rohto-Mentholatum Việt Nam đã sản xuất và cho ra đời những thương hiệu quen thuộc như thương hiệu Hada Labo, Acnes, Sunplay, Melano CC... Hầu hết những thương hiệu này đều có mắt tại các cửa hàng, nhà thuốc và siêu thị trên toàn quốc.</p>'),(8,'ERIC FAVRE® WELLNESS','/producer/1694339623081.png','<p>ERIC FAVRE® WELLNESS</p>'),(9,'Vitamins For Life','/producer/1694339918319.png','<p>Thương hiệu Vitamins For Life của nhà máy Vitamins for Life Laboratories có trụ sở đặt tại bang New Jersey, Mỹ. Thương hiệu luôn cam kết đem đến các sản phẩm trong lành, tinh khiết nhất từ nguồn nguyên liệu sạch, an toàn và không để lại bất kỳ tác dụng phụ không mong muốn nào cho người tiêu dùng. Các sản phẩm sản xuất hoàn toàn tại Hoa Kỳ và tuân thủ tiêu chuẩn chất lượng của ngành công nghiệp dược phẩm: Đảm bảo tất cả các chế độ kiểm tra mức an toàn, thực phẩm sạch, vượt qua sự kiểm định khắt khe của Cục Quản lý Thực phẩm và Dược phẩm Hoa Kỳ (FDA hoặc USFDA) trước khi ra thị trường; được cấp giấy chứng nhận Lưu hành tại Mỹ bởi Bộ Y tế Hoa Kỳ; tuân thủ các bước theo Tiêu chuẩn Thực hành tốt sản xuất (GMP).</p>'),(10,'Gedeon','/producer/1694341126476.png','<p>Gedeon Richter là công ty dược phẩm và công nghệ sinh học đa quốc gia có trụ sở chính tại Budapest, Hungary. Đây là một trong những công ty lớn nhất của ngành Dược ở khu vực Trung và Đông Âu và có hoạt động tại hơn 40 quốc gia. Công ty bán các sản phẩm cho phụ khoa, hệ thống thần kinh trung ương và các lĩnh vực tim mạch trong số các lĩnh vực điều trị khác.</p>'),(11,' COPHAVINA','','<p>COPHAVINA</p>'),(12,'Mediplantex','','<p><a href=\"https://nhathuoclongchau.com.vn/thuong-hieu/mediplantex\">Mediplantex</a></p>'),(13,' Công ty TNHH Tư vấn Y dược Quốc tế (IMC)','','<p>&nbsp;Công ty TNHH Tư vấn Y dược Quốc tế (IMC)</p>'),(14,' Fonterra Brands','','<p>&nbsp;Fonterra Brands</p>'),(15,'Đông Nam Dược Trường Sơn','','<p>Đông Nam Dược Trường Sơn</p>'),(16,'CÔNG TY CỔ PHẦN DƯỢC PHẨM HEBIPHA','','<p>CÔNG TY CỔ PHẦN DƯỢC PHẨM HEBIPHA</p>');
/*!40000 ALTER TABLE `producers` ENABLE KEYS */;
UNLOCK TABLES;

--
-- Table structure for table `products`
--

DROP TABLE IF EXISTS `products`;
/*!40101 SET @saved_cs_client     = @@character_set_client */;
/*!50503 SET character_set_client = utf8mb4 */;
CREATE TABLE `products` (
  `id` int NOT NULL AUTO_INCREMENT,
  `name` varchar(255) NOT NULL,
  `description` text NOT NULL,
  `dateCreated` varchar(255) NOT NULL,
  `price` float NOT NULL,
  `oldPrice` float DEFAULT NULL,
  `unit` varchar(255) NOT NULL,
  `uses` text NOT NULL,
  `quantity` int NOT NULL,
  `expiry` varchar(255) DEFAULT NULL,
  `dosageForms` varchar(255) DEFAULT NULL,
  `specification` varchar(255) DEFAULT NULL,
  `trademark` varchar(255) DEFAULT NULL,
  `support` text,
  `ingredient` text,
  `dosage` text,
  `sideEffects` text,
  `note` text,
  `preserve` text,
  `type` varchar(255) DEFAULT NULL,
  `object` int DEFAULT NULL,
  `view` int DEFAULT NULL,
  `category_id` int NOT NULL,
  `producer_id` int NOT NULL,
  `ProducerId` int DEFAULT NULL,
  PRIMARY KEY (`id`),
  KEY `category_id` (`category_id`),
  KEY `producer_id` (`producer_id`),
  KEY `ProducerId` (`ProducerId`),
  CONSTRAINT `products_ibfk_1` FOREIGN KEY (`category_id`) REFERENCES `categories` (`id`) ON UPDATE CASCADE,
  CONSTRAINT `products_ibfk_2` FOREIGN KEY (`producer_id`) REFERENCES `producers` (`id`) ON UPDATE CASCADE,
  CONSTRAINT `products_ibfk_3` FOREIGN KEY (`ProducerId`) REFERENCES `producers` (`id`) ON DELETE SET NULL ON UPDATE CASCADE
) ENGINE=InnoDB AUTO_INCREMENT=18 DEFAULT CHARSET=utf8mb4 COLLATE=utf8mb4_0900_ai_ci;
/*!40101 SET character_set_client = @saved_cs_client */;

--
-- Dumping data for table `products`
--

LOCK TABLES `products` WRITE;
/*!40000 ALTER TABLE `products` DISABLE KEYS */;
INSERT INTO `products` VALUES (1,'Tinh dầu trẻ em Nasomom-4 Reliv giảm triệu chứng nghẹt mũi, sổ mũi, khò khè, cảm cúm (70ml)','<p>Nasomom - Tinh Dầu Trẻ Em (chai 70 ml) được sản xuất từ CÔNG TY CỔ PHẦN DƯỢC ĐỒNG NAI (DONAIPHARM). Thuốc dùng trong điều trị tai-mũi-họng, với các hoạt chất là khuynh diệp, bạc hà và nước biển sâu đẳng trương.</p><p>Nasomom là dung dich vệ sinh mũi, chai 60, 70, 90 mL.</p>','10/9/2023',39000,0,'Hộp','<ul><li>Vệ sinh mũi hàng ngày, phòng ngừa viêm mũi, <a href=\"https://nhathuoclongchau.com.vn/benh/viem-xoang-479.html\">viêm xoang</a>.&nbsp;</li><li>Giảm các triệu chứng nghẹt mũi, sổ&nbsp;mũi, <a href=\"https://nhathuoclongchau.com.vn/benh/viem-mui-di-ung-473.html\">viêm mũi dị ứng</a>, khò khè, khô rát mũi họng và cảm trẻ em, trẻ nhỏ.</li></ul>',9,'2025','Dung dịch','Hộp','Reliv','<p>Hỗ trợ điều trị tai-mũi-họng</p>','<p>Eucalytol, Natri clorid</p>','<p>Dùng xịt mũi.</p><p><i>Hướng dẫn sử dụng:</i></p><ul><li>Mở nắp bảo vệ, giữ chắc cổ chai giữa ngón cái và ngón giữa, đặt ngón trỏ lên vị trí nhấn.&nbsp;</li><li>Đưa nhẹ nhàng vòi phun vào mũi.&nbsp;</li><li>Ấn nhanh đầu phun từ 2-3 lần mỗi bên mũi, nếu hít mạnh theo nhịp phun sẽ tăng hiệu quả tác dụng.</li><li>Để dung dịch dự kéo chất nhầy chảy ra ngoài và hỉ mũi.</li><li>Lau sạch vòi phun, đậy nắp bảo vệ.</li></ul>','<p>Khi sử dụng thuốc Nasomom, bạn có thể gặp các tác dụng không mong muốn (ADR).</p>','<p>Trước khi sử dụng thuốc bạn cần đọc kỹ hướng dẫn sử dụng và tham khảo thông tin bên dưới.</p><h3><strong>Chống chỉ định</strong></h3><p>Thuốc Nasomom chống chỉ định trong các trường hợp sau:</p><p>Mẫn cảm bất cứ thành phần nào của thuốc</p><h3><strong>Thận trọng khi sử dụng</strong></h3><p>Không sử dụng thuốc quá hạn dùng in trên nhãn hộp.</p><h3><strong>Khả năng lái xe và vận hành máy móc</strong></h3><p>Thuốc không ảnh hưởng trên khả năng lái xe và vận hành máy móc</p><h3><strong>Thời kỳ mang thai&nbsp;</strong></h3><p>Thuốc dùng an toàn cho phụ nữ có thai.</p><h3><strong>Thời kỳ cho con bú</strong></h3><p>Thuốc dùng an toàn cho phụ nữ cho con bú.</p><h3><strong>Tương tác thuốc</strong></h3><p>Không ảnh hưởng.</p>','<p>Bảo quản nơi khô, nhiệt độ dưới 30°C, tránh ánh sáng.</p>','new',2,18,11,1,NULL),(2,'Nước Yến Sào Green Bird Babi cho trẻ em 15% Yến hương vani (4 hũ x 72g)','<p>Yến sào cho trẻ em Green Bird Babi hương vani được làm từ thành phần yến sào hữu cơ cao cấp chuẩn Asean Organic cùng đường hữu cơ không tẩy từ cây mía không nhiễm thuốc trừ sâu và phân bón. Sản phẩm giúp tăng cường đề kháng và hệ miễn dịch của các bé, hỗ trợ hệ tiêu hóa, cho bé phát triển toàn diện.</p>','10/9/2023',164000,132000,'Hộp','<p>Yến sào cho trẻ em Green Bird Babi hương vani được làm từ thành phần yến sào hữu cơ cao cấp chuẩn Asean Organic cùng đường hữu cơ không tẩy từ cây mía không nhiễm thuốc trừ sâu và phân bón. Sản phẩm giúp tăng cường đề kháng và hệ miễn dịch của các bé, hỗ trợ hệ tiêu hóa, cho bé phát triển toàn diện.</p>',17,'2024','Nước','Hộp 4 hũ','Nhãn khác','<p>Sản phẩm giúp tăng cường đề kháng và hệ miễn dịch của các bé, hỗ trợ hệ tiêu hóa, cho bé phát triển toàn diện.</p>','<p>Nước (aqua), <a href=\"https://nhathuoclongchau.com.vn/thanh-phan/soi-yen\">Sợi yến</a>, <a href=\"https://nhathuoclongchau.com.vn/thanh-phan/duong-phen\">Đường phèn</a>, Chất làm dày, <a href=\"https://nhathuoclongchau.com.vn/thanh-phan/taurine\">Taurine</a>, Chất ổn định, Hương vani giống tự nhiên, Lysine</p>','<p>Lắc đều trước khi uống, dùng ngon hơn khi uống lạnh.</p>','<p>Chưa có thông tin về tác dụng phụ của sản phẩm.</p>','<p>Sản phẩm này không phải là thuốc và không có tác dụng thay thế thuốc chữa bệnh.</p><p>Không sử dụng nếu nắp bị bung, méo do va đập và dung dịch chuyển màu trắng sữa, có váng mốc hoặc có mùi.</p>','<p>Nơi sạch sẽ, thoáng mát, tránh tiếp xúc trực tiếp với ánh nắng mặt trời.</p>','sale',2,4,11,2,NULL),(3,'Cốm ăn ngon trẻ em TT KIDS Traphaco hỗ trợ tăng hấp thu dinh dưỡng (20 gói x 3g)','<p>Cốm ăn ngon trẻ em TT Kids bổ sung lysine, kẽm cùng các vitamin, giúp trẻ ăn ngon miệng, hỗ trợ tăng hấp thu dinh dưỡng. Hỗ trợ tăng cường sức khỏe, nâng cao sức đề kháng.</p>','10/9/2023',100000,0,'Hộp','<p>Cốm ăn ngon trẻ em TT Kids bổ sung lysine, kẽm cùng các vitamin, giúp trẻ ăn ngon miệng, hỗ trợ tăng hấp thu dinh dưỡng.</p><p>Hỗ trợ tăng cường sức khỏe, nâng cao sức đề kháng.</p>',23,'2024','Cốm','Hộp 20 gói','Traphaco','<p>Hỗ trợ tăng hấp thu dinh dưỡng và tăng cường sức khỏe, nâng cao sức đề kháng.</p>','<p>L-Lysine hydrochloride, Kẽm Gluconat, <a href=\"https://nhathuoclongchau.com.vn/thanh-phan/vitamin-d3\">Vitamin D3</a>, Aquamin F, <a href=\"https://nhathuoclongchau.com.vn/thanh-phan/vitamin-b1\">Vitamin B1</a>, <a href=\"https://nhathuoclongchau.com.vn/thanh-phan/vitamin-b2\">Vitamin B2</a>, <a href=\"https://nhathuoclongchau.com.vn/thanh-phan/vitamin-b3\">Vitamin B3</a>, Vitamin B6, Đường Fructose - Oligosaccharide, <a href=\"https://nhathuoclongchau.com.vn/thanh-phan/taurine\">Taurine</a></p>','<p>Trẻ em từ 1 - 2 tuổi: Tham khảo ý kiến của nhân viên y tế (Liều khuyên dùng: Uống 1 gói/ngày).</p><p>Trẻ em từ 2 - 5 tuổi: Uống 2 gói/ngày.</p><p>Trẻ em từ 5 tuổi trở lên: Uống 3 gói/ngày.</p><p>Cốm có thể ăn trực tiếp, pha với nước ấm hoặc ăn cùng cháo hoặc các thực phẩm dinh dưỡng khác.</p>','<p>Chưa có thông tin về tác dụng phụ của sản phẩm.</p>','<p>Không sử dụng cho các đối tượng sau:</p><ul><li>Mẫn cảm với bất cứ thành phần nào của sản phẩm.</li><li>Các đối tượng không dung nạp lactose.</li><li>Bệnh nhân đái tháo đường.</li></ul><p>Không dùng quá liều khuyến cáo.</p><p>Sản phẩm này không phải là thuốc và&nbsp;không có tác dụng thay thế thuốc chữa bệnh.</p><p>Đọc kỹ hướng dẫn sử dụng trước khi dùng.</p>','<p>Bảo quản nơi khô ráo, thoáng&nbsp;mát, nhiệt độ không quá 30 độ C, tránh ánh sáng trực tiếp.</p><p>Để xa tầm tay trẻ em.</p>','hot',1,3,11,3,NULL),(4,'Thuốc Brufen Abbott hỗ trợ giảm đau và hạ sốt ở trẻ em (60ml)','<p>BRUFEN® được sản xuất bởi PT. ABBOTT INDONESIA Jl., Indonesia, có thành phần chính là ibuprofen 100 mg/5ml thuộc nhóm giảm đau kháng viêm không steroid (NSAID). Brufen được chỉ định trong các trường hợp hạ sốt ở trẻ em, giảm đau trong các trường hợp như đau răng hoặc đau do nhổ răng, đau đầu, đau bụng kinh, đau xương và khớp do thấp, đau do bong gân.</p><p>Hỗn dịch uống màu vàng, hương cam.</p><p>Khuyến mại được áp dụng</p>','10/9/2023',60000,0,'Chai','<p>Thuốc BRUFEN® được chỉ định dùng trong các trường hợp sau:</p><p>Hạ sốt ở trẻ em.</p><p>Giảm đau trong các trường hợp như đau răng hoặc đau do nhổ răng, <a href=\"https://nhathuoclongchau.com.vn/benh/nhuc-dau-24.html\"><strong>đau đầu</strong></a>, đau bụng kinh, đau xương và khớp do thấp, đau do bong gân.</p>',15,'2025','Siro','Chai','Abbott','<p>Hạ sốt ở trẻ em, giảm đau trong các trường hợp như đau răng hoặc đau do nhổ răng, đau đầu, đau bụng kinh, đau xương và khớp do thấp, đau do bong gân.</p>','<p><a href=\"https://nhathuoclongchau.com.vn/thanh-phan/ibuprofen\">Ibuprofen</a></p>','<p>Để thuốc có tác dụng nhanh hơn, có thể dùng thuốc khi đói. Đối với các bệnh nhân có dạ dày nhạy cảm, nên dùng thuốc kèm với thức ăn.</p><p>Lắc kỹ lọ thuốc trước khi dùng. Hỗn dịch ibuprofen có thể gây ra cảm giác nóng rát thoáng qua ở vùng miệng hoặc cổ họng.</p>','<p>Khi sử dụng thuốc Brufen 60ml, bạn có thể gặp các tác dụng không mong muốn (ADR).</p><p>Tác dụng bất lợi thường gặp nhất là đối với dạ dày ruột. Loét hệ thống tiêu hóa, chảy máu hoặc thủng dạ dày ruột, đôi khi gây tử vong, đặc biệt ở người già, có thể xảy ra (xem phần CẢNH BÁO VÀ THẬN TRỌNG). Buồn nôn, nôn, tiêu chảy, đầy hơi, táo bón, khó tiêu, đau bụng, đại tiện màu đen, nôn ra máu, loét dạ dày, bệnh viêm ruột kết tiến triển và bệnh Crohn (xem phần CẢNH BÁO VÀ THẬN TRỌNG) đã được ghi nhận sau khi sử dụng thuốc. Viêm dạ dày cũng đã được báo cáo, nhưng ít gặp hơn.</p><p>Hỗn dịch uống hoặc cốm dạng sủi ibuprofen có thể gây ra cảm giác nóng rát thoáng qua ở vùng miệng và cổ họng.</p><p>Phản ứng quá mẫn</p><p>Các phản ứng quá mẫn đã được báo cáo sau khi dùng NSAID. Các phản ứng này có thể bao gồm:</p><p>(a) Các phản ứng dị ứng không đặc hiệu và phản vệ;&nbsp;<br>(b) Các phản ứng đường hô hấp bao gồm hen, hen tăng lên, co thắt phế quản hoặc khó thở;&nbsp;<br>(c) Các rối loạn về da, bao gồm phát ban các loại, ngứa, mày đay, phù bạch huyết và, rất hiếm gặp, ban đỏ đa dạng và bệnh danh là bóng nước (bao gồm hội chứng Stevens-Johnson, hoại tử biểu bì độc tính).&nbsp;<br>Các tình trạng nhiễm trùng và nhiễm ký sinh trùng.</p><p>Hiện tượng trầm trọng thêm của tình trạng viêm do nhiễm trùng (ví dụ tăng viêm mạc hoại tử) đã được mô tả khi sử dụng NSAID. Nếu dấu hiệu nhiễm trùng xảy ra hoặc trầm trọng thêm trong lúc sử dụng ibuprofen, khuyến cáo bệnh nhân đến gặp bác sĩ ngay lập tức.</p><p>Da và rối loạn mô dưới da</p><p>Trong một số trường hợp cá biệt, nhiễm trùng da nghiêm trọng và bội nhiễm mô mềm có thể xảy ra khi bị viêm thủy đậu (xem phần “Các tình trạng nhiễm trùng và thâm nhiễm” và CẢNH BÁO VÀ THẬN TRỌNG).</p><p>Rối loạn tim mạch</p><p>Thử nghiệm lâm sàng và dữ liệu dịch tễ gợi ý rằng việc sử dụng ibuprofen, đặc biệt là ở liều cao (2400 mg hàng ngày) và kéo dài có thể gắn liền với tăng nhẹ nguy cơ sự cố huyết khối động mạch (ví dụ nhồi máu cơ tim, đột quỵ, xem phần CẢNH BÁO VÀ THẬN TRỌNG).</p><p>Nguy cơ huyết khối tim mạch (xem thêm phần Cảnh báo và Thận trọng).</p><p>Hướng dẫn cách xử trí ADR</p><p>Khi gặp tác dụng phụ của thuốc, cần ngưng sử dụng và thông báo cho bác sĩ hoặc đến cơ sở y tế gần nhất để được xử trí kịp thời.</p>','<p>Trước khi sử dụng thuốc bạn cần đọc kỹ hướng dẫn sử dụng và tham khảo thông tin bên dưới.</p><h3><strong>Chống chỉ định:</strong></h3><p>Thuốc Brufen 60ml chống chỉ định trong các trường hợp sau:</p><p>Bệnh nhân quá mẫn với hoạt chất hoặc bất kỳ thành phần tá dược nào của thuốc.</p><p>Bệnh nhân có tiền sử phản ứng quá mẫn (ví dụ bệnh hen, viêm mũi, sưng hạch bạch huyết, hoặc mề đay) khi sử dụng aspirin GT hoặc những NSAID khác.</p><p>Bệnh nhân trong tình trạng liên quan đến chảy máu hoặc tăng xu hướng chảy máu.</p><p>Bệnh nhân đang trong tình trạng hoặc có tiền sử loét đường tiêu hóa hoặc chảy máu dạ dày ruột tái diễn (có ít nhất 2 lần riêng biệt có bằng chứng loét hoặc chảy máu).</p><p>Bệnh nhân có tiền sử chảy máu hoặc thủng dạ dày ruột có liên quan đến việc sử dụng NSAID trước đó.</p><p>Bệnh nhân <a href=\"https://nhathuoclongchau.com.vn/benh/suy-tim-314.html\"><strong>suy tim</strong></a> nặng.</p><p>Bệnh nhân suy gan nặng.</p><p>Bệnh nhân suy thận nặng (tốc độ lọc cầu thận dưới 30 mL/phút).</p><p>Bệnh nhân mất nước nặng (do nôn, tiêu chảy hoặc bù nước không đủ).</p><p>Phụ nữ có thai trong 3 tháng cuối thai kỳ.</p><h3><strong>Thận trọng khi sử dụng</strong></h3><p><i>Thận trọng chung</i></p><p>Tác dụng không mong muốn có thể được giảm thiểu bằng cách dùng liều thấp nhất có tác dụng trong khoảng thời gian ngắn nhất cần thiết để kiểm soát triệu chứng (xem phần LIỀU DÙNG VÀ CÁCH DÙNG, và phần cảnh báo và thận trọng liên quan đến dạ dày ruột và tim mạch dưới đây).</p><p>Cũng như các thuốc NSAID khác, ibuprofen có thể che giấu dấu hiệu nhiễm trùng. Nên tránh sử dụng ibuprofen cùng với các NSAID, bao gồm các thuốc ức chế chọn lọc cyclooxygenase-2, do nguy cơ tác dụng hiệp đồng (xem phần TƯƠNG TÁC THUỐC).</p><p>Ibuprofen có thể tạm thời ức chế chức năng tiểu cầu máu (kết tập tiểu cầu).</p><p>Khi sử dụng kéo dài bất cứ thuốc giảm đau nào, có thể xảy ra đau đầu nhưng không được điều trị bằng cách tăng liều dùng của thuốc.</p><p>Khi dùng thuốc cùng với rượu, các tác dụng bất lợi có liên quan đến hoạt chất của NSAID, đặc biệt là các tác dụng liên quan đến dạ dày ruột hoặc hệ thần kinh trung ương, có thể tăng lên.</p><p><i>Người già</i></p><p>Bệnh nhân người già có thể gặp tác dụng bất lợi của NSAID với tần suất tăng lên, đặc biệt là tác dụng thủng và chảy máu dạ dày ruột, có thể gây tử vong.</p><p><i>Ảnh hưởng đối với tim mạch&nbsp;</i></p><p>Cần thận trọng (hỏi ý kiến bác sĩ hoặc dược sĩ) trước khi bắt đầu điều trị đối với các bệnh nhân có tiền sử cao huyết áp và/hoặc suy tim, do hiện tượng giữ nước và phù nề đã được báo cáo có liên quan đến điều trị bằng NSAID.</p><p>Thử nghiệm lâm sàng và dữ liệu dịch tễ gợi ý rằng việc sử dụng ibuprofen, đặc biệt là ở liều cao (2400 mg hàng ngày) và kéo dài có thể gắn liền với tăng nhẹ nguy cơ sự cố huyết khối động mạch (ví dụ nhồi máu cơ tim, đột quỵ). Nhìn chung, dữ liệu dịch tễ không gợi ý rằng việc dùng ibuprofen liều thấp (ví dụ&lt; 1200 mg một ngày) gắn liền với việc tăng nguy cơ nhồi máu cơ tim.</p><p>Bệnh nhân cao huyết áp không được kiểm soát, suy tim sung huyết, thiếu máu cơ tim đã thiết lập, bệnh động mạch ngoại biên, và/hoặc bệnh mạch não chỉ nên dùng ibuprofen sau khi đã cân nhắc kỹ. Cũng cần cân nhắc kỹ trước khi bắt đầu nhân có các yếu tố nguy cơ về các sự cố tim mạch (ví dụ cao huyết áp, tăng lipid máu, tiểu đường, và hút thuốc).</p><p><i>Chảy máu, loét và thủng dạ dày ruột&nbsp;</i></p><p>Chảy máu, loét hoặc thủng dạ dày ruột, có thể gây tử vong, đã được báo cáo đối với tất cả các NSAID tại bất kỳ thời điểm nào của đợt điều trị, có hoặc không có dấu hiệu cảnh báo hoặc tiền sử sự cố dạ dày ruột nghiêm trọng.</p><p>Nguy cơ chảy máu, loét hoặc thủng dạ dày ruột cao hơn khi tăng liều NSAID đối với các bệnh nhân có tiền sử loét, đặc biệt nếu loét kèm chảy máu hoặc thủng (xem phần CHỐNG CHỈ ĐỊNH), và đối với bệnh nhân người già. Các bệnh nhân này nên bắt đầu điều trị ở liều thấp nhất có thể.</p><p>Kết hợp điều trị với các thuốc bảo vệ (ví dụ thuốc điều trị loét dạ dày tá tràng hoặc thuốc ức chế bơm proton) nên được cân nhắc đối với những bệnh nhân này, cũng như đối với các bệnh nhân cần điều trị đồng thời liều thấp axít acetylsalicylic, hoặc những thuốc khác có khả năng tăng nguy cơ dạ dày ruột (xem phần dưới và TƯƠNG TÁC THUỐC).</p><p>Bệnh nhân có tiền sử ngộ độc dạ dày ruột, đặc biệt là bệnh nhân người già, nên được yêu cầu thông báo bất kỳ triệu chứng bất thường nào ở vùng bụng (đặc biệt là chảy máu dạ dày ruột), đặc biệt trong giai đoạn đầu điều trị.</p><p>Khuyến nghị cần thận trọng đối với những bệnh nhân điều trị đồng thời với các thuốc có thể tăng nguy cơ loét hoặc chảy máu, như thuốc corticosteroid dạng uống, thuốc chống đông như warfarin, thuốc ức chế tái hấp thu serotonin chọn lọc, hoặc thuốc ức chế tiểu cầu như axít acetylsalicylic (xem phần TƯƠNG TÁC THUỐC).</p><p>Nên dùng điều trị với ibuprofen nếu bệnh nhân bị chảy máu hoặc <a href=\"https://nhathuoclongchau.com.vn/benh/loet-da-day-ta-trang-580.html\"><strong>loét dạ dày</strong></a> ruột.&nbsp;</p><p>Nên thận trọng khi sử dụng NSAID đối với các bệnh nhân có tiền sử loét đường tiêu hóa hoặc bệnh dạ dày ruột khác ví dụ loét ruột kết và bệnh Crohn vì các tình trạng này có thể nghiêm trọng thêm (xem phần TÁC DỤNG KHÔNG MONG MUỐN).</p><p><i>Ảnh hưởng đến thận&nbsp;</i></p><p>Cần thận trọng đối với các bệnh nhân bị mất nước, đặc biệt đối với trẻ em, thanh thiếu niên và người già vì có nguy cơ suy thận. Nhìn chung, thói quen dùng thuốc giảm đau, đặc biệt là dạng kết hợp một vài hoạt chất giảm đau, có thể dẫn đến tổn thương thận lâu dài với nguy cơ suy thận (bệnh thận do dùng thuốc giảm đau). Nguy cơ này có thể tăng lên khi có căng thẳng về thể chất kết hợp với mất muối và mất nước. Do đó nên tránh thói quen này.</p><p>Cần thận trọng với bệnh nhân cao huyết áp và/hoặc suy tim, do chức năng thận có thể đã suy giảm (xem phần CHỐNG CHỈ ĐỊNH và TÁC DỤNG KHÔNG MONG MUỐN).</p><p><i>Rối loạn hệ hô hấp&nbsp;</i></p><p>Cần thận trọng nếu dùng ibuprofen cho bệnh nhân đang trong tình trạng hoặc có tiền sử hen phế quản, do đã có báo cáo về việc NSAID thúc đẩy co thắt phế quản ở những bệnh nhân này.</p><p><i>Ảnh hưởng đến da&nbsp;</i></p><p>Phản ứng da nghiêm trọng, một số gây tử vong, như viêm da tróc da, hội chứng Stevens-Johnson và hoại tử biểu bì độc tính, đã được báo cáo rất hiếm khi có liên quan đến việc dùng NSAID (xem phần TÁC DỤNG KHÔNG MONG MUỐN). Nguy cơ xảy ra các phản ứng như vậy lớn nhất khi bắt đầu điều trị, phần lớn các trường hợp xảy ra trong tháng đầu tiên. Nên dùng điều trị với ibuprofen ngay khi thấy ban da, tổn thương niêm mạc hoặc các dấu hiệu quá mẫn khác.</p><p>Trường hợp ngoại lệ, bệnh thủy đậu có thể là nguồn gốc của bội nhiễm mô mềm và da nghiêm trọng. Hiện nay, vẫn chưa thể loại bỏ vai trò của NSAID trong việc làm trầm trọng thêm các nhiễm trùng này. Do vậy, tránh sử dụng ibuprofen trong trường hợp thủy đậu.</p><p><i>SLE và bệnh mô liên kết hỗn hợp</i></p><p>Cần thận trọng đối với các bệnh nhân lupus ban đỏ hệ thống (SLE) và bệnh mô liên kết hỗn hợp. Có thể tăng nguy cơ viêm màng não (xem phần dưới và TÁC DỤNG KHÔNG MONG MUỐN).</p><p><i>Các phản ứng dị ứng</i></p><p>Các phản ứng quá mẫn cấp tính nghiêm trọng (ví dụ sốc phản vệ) đã thấy nhưng rất hiếm. Ngay khi thấy dấu hiệu đầu tiên của phản ứng quá mẫn sau khi dùng ibuprofen phải ngừng thuốc ngay lập tức. Các biện pháp y tế cần thiết, tùy theo triệu chứng, phải được thực hiện bởi người có chuyên môn.</p><p>Cần thận trọng đối với các bệnh nhân đã từng có phản ứng quá mẫn hoặc dị ứng đối với các chất khác bởi vì nguy cơ xảy ra phản ứng quá mẫn khi dùng ibuprofen ở các bệnh nhân này có thể tăng lên.</p><p>Cần thận trọng đối với các bệnh nhân bị sốt cỏ khô, u ở mũi hoặc rối loạn nghẽn đường hô hấp mạn tính vì tăng nguy cơ xảy ra phản ứng dị ứng. Các phản ứng này có thể biểu hiện như hen (còn được gọi là hen do thuốc giảm đau), phù Quincke hoặc mày đay.</p><p><i>Nguy cơ huyết khối tim mạch&nbsp;</i></p><p>Các thuốc chống viêm không steroid (NSAIDs), không phải aspirin, dùng đường toàn thân có thể làm tăng nguy cơ xuất hiện biến cố huyết khối tim mạch, bao gồm cả nhồi máu cơ tim và đột quỵ, có thể dẫn đến tử vong. Nguy cơ này có thể xuất hiện sớm trong vài tuần đâu dùng thuốc và có thể tăng lên theo thời gian dùng thuốc. Nguy cơ huyết khối tim mạch được ghi nhận chủ yếu ở liều cao.</p><p>Bác sĩ cần đánh giá định kỳ sự xuất hiện của các biến cố tim mạch, ngay cả khi bệnh nhân không có các triệu chứng tim mạch trước đó.</p><p>Bệnh nhân cần được cảnh báo về các triệu chứng của biến cố tim mạch nghiêm trọng và cần thăm khám bác sĩ ngay khi xuất hiện các triệu chứng này.</p><p>Để giảm thiểu nguy cơ xuất hiện biến cố bất lợi, cần sử dụng Brufen ở liều hàng ngày thấp nhất có hiệu quả trong thời gian ngắn nhất có thể.</p><p><i>Các thông tin liên quan đến tá dược</i></p><p>Ibuprofen hỗn dịch uống 20 mg/mL có chứa sucrose và sorbitol. Bệnh nhân có vấn đề di truyền hiếm gặp không dung nạp fructose, kém hấp thu glucose-galactose hoặc thiếu hụt sucrose-isomaltase không nên dùng thuốc này. Cần thận trọng với các bệnh nhân tiểu đường.</p><p>Thuốc có thể gây hại cho răng.</p><p>Ibuprofen hỗn dịch uống 20 mg/mL có chứa methyl parahydroxybenzoạt và propyl parahydroxybenzoat. Có thể gây ra phản ứng dị ứng (có thể trì hoãn).</p><p>Ibuprofen hỗn dịch uống 20 mg/mL có chứa chất tạo màu vàng. Có thể gây ra phản ứng dị ứng.</p><h3><strong>Khả năng lái xe và vận hành máy móc</strong></h3><p>Khi sử dụng ibuprofen, thời gian phản ứng của bệnh nhân có thể bị ảnh hưởng. Vì vậy cần tính đến tác động này đối với những hoạt động đòi hỏi cảnh giác cao, ví dụ như lái xe hoặc điều khiển máy móc. Điều này càng cần quan tâm hơn khi sử dụng thuốc kết hợp với rượu.</p><h3><strong>Thời kỳ mang thai&nbsp;</strong></h3><p>Ức chế tổng hợp prostaglandin có thể gây tác động bất lợi cho việc mang thai và/hoặc cho sự phát triển của phôi thai. Các số liệu dịch tễ học đưa ra giả thuyết rằng việc sử dụng chất ức chế tổng hợp prostaglandin ở giai đoạn đầu của thai kỳ làm tăng nguy cơ sảy thai, dị tật tim và tật nứt bụng. Nguy cơ được cho là tăng lên theo liều và thời gian điều trị. Trên động vật, việc sử dụng chất ức chế tổng hợp prostaglandin cho thấy kết quả tăng tổn thất trước và sau khi trứng làm tổ và tăng nguy cơ chết của phôi thai nhi. Hơn nữa, đã có báo cáo ở động vật dùng chất ức chế tổng hợp prostaglandin trong giai đoạn hình thành cơ quan (nội tạng) thấy gia tăng tỷ lệ dị dạng các loại kể cả dị dạng tim mạch.&nbsp;</p><p>Trong giai đoạn ba tháng đầu hoặc ba tháng giữa của thai kỳ, không nên sử dụng ibuprofen, trừ khi thật sự cần thiết. Nếu sử dụng ibuprofen cho phụ nữ đang cố gắng thụ thai hoặc trong ba tháng đầu hoặc ba tháng giữa của thai kỳ, nên sử dụng liều thấp nhất có thể cũng như liệu trình điều trị càng ngắn càng tốt.&nbsp;</p><p>Trong giai đoạn ba tháng cuối của thai kỳ, việc sử dụng ibuprofen có thể phơi nhiễm thai nhi với các nguy cơ sau:&nbsp;</p><ul><li>Nhiễm độc tim phổi (sinh non do cao huyết áp ống động mạch và cao huyết áp mạch phổi).&nbsp;</li><li>Suy giảm chức năng thận, có thể dẫn đến suy thận ở tình trạng ít nước ối.&nbsp;</li></ul><p>Vào cuối thai kỳ, việc sử dụng chất ức chế tổng hợp prostaglandin có thể phơi nhiễm người mẹ và trẻ sơ sinh trước các nguy cơ sau:&nbsp;</p><ul><li>Có thể gây chảy máu kéo dài&nbsp;</li><li>Ức chế sự co của tử cung, có thể dẫn đến quá trình đẻ bị trì hoãn hoặc kéo dài. Chính vì vậy, chống chỉ định dùng ibuprofen trong ba tháng cuối của thai kỳ.&nbsp;</li></ul><p>Không khuyến nghị sử dụng ibuprofen trong quá trình sinh đẻ, chuyển dạ.</p><h3><strong>Thời kỳ cho con bú</strong></h3><p>Trong những nghiên cứu hạn chế có được đến nay, ibuprofen xuất hiện trong sữa mẹ với hàm lượng rất thấp, nếu có thể, nên tránh sử dụng ibuprofen cho những bà mẹ đang cho con bú.</p><h3><strong>Tương tác thuốc</strong></h3><p>Nên lưu ý khi sử dụng cho những bệnh nhân đang dùng những thuốc sau vì đã có những tương tác được báo cáo ở một số bệnh nhân:</p><p><i>Những thuốc lợi tiểu, thuốc ức chế ACE, thuốc chẹn kênh beta và thuốc đối kháng angiotensin-II</i></p><p>NSAID có thể làm giảm tác dụng của những thuốc này.</p><p>Thuốc lợi tiểu cũng có thể làm tăng nguy cơ ngộ độc thận của NSAID.</p><p>Ở một số bệnh nhân có chức năng thận suy giảm (ví dụ bệnh nhân mất nước hoặc bệnh nhân người già có chức năng thận suy giảm), việc sử dụng đồng thời với thuốc ức chế ACE, thuốc chẹn dòng beta, thuốc đối kháng angiotensin-II và các chất ức chế cyclooxygenase có thể làm hủy hoại thêm chức năng thận, bao gồm khả năng suy thận cấp, thường là có phục hồi. Do đó, việc dùng phối hợp thuốc nên được tiến hành thận trọng, đặc biệt ở người già. Bệnh nhân nên được bù nước đầy đủ và nên cân nhắc theo dõi chức năng thận sau khi khởi liều điều trị đồng thời, và định kỳ sau đó.</p><p><i>Glycosid trợ tim&nbsp;</i></p><p>NSAID có thể làm trầm trọng thêm tình trạng suy tim, giảm tốc độ lọc cầu thận và tăng nồng độ trong huyết tương của glycoside trợ tim (ví dụ digoxin).</p><p><i>Lithium&nbsp;</i></p><p>Việc sử dụng đồng thời ibuprofen với các chế phẩm lithium có thể làm tăng nồng độ trong huyết thanh của các thuốc này.</p><p><a href=\"https://nhathuoclongchau.com.vn/thanh-phan/methotrexate\"><i><strong>Methotrexat</strong></i></a><i><strong>&nbsp;</strong></i></p><p>NSAID có thể ức chế bài tiết methotrexate ở ống thận và làm giảm độ thanh thải methotrexate.</p><p><a href=\"https://nhathuoclongchau.com.vn/thanh-phan/ciclosporin\"><i><strong>Ciclosporin</strong></i></a><i><strong>&nbsp;</strong></i></p><p>Tăng nguy cơ ngộ độc thận với NSAID.</p><p><a href=\"https://nhathuoclongchau.com.vn/thanh-phan/mifepristone\"><i><strong>Mifepristone&nbsp;</strong></i></a></p><p>Theo lí thuyết, hiệu quả của thuốc giảm đi do tác dụng kháng prostaglandin của NSAID, bao gồm axít acetylsalicylic. Các bằng chứng còn rất hạn chế lại cho thấy rằng việc kết hợp sử dụng cùng NSAID trong cùng ngày với prostaglandin không gây ảnh hưởng bất lợi cho tác dụng của mifepristone hoặc của prostaglandin lên sự mềm cổ tử cung hoặc sự co tử cung và cũng không làm giảm hiệu quả lâm sàng của việc can thiệp y khoa chấm dứt mang thai.</p><p><i>Corticosteroid&nbsp;</i></p><p>Ibuprofen nên được dùng thận trọng khi kết hợp với corticosteroid do sự kết hợp này có thể làm tăng nguy cơ tác dụng bất lợi, đặc biệt đối với ống dạ dày ruột (loét hoặc chảy máu dạ dày ruột).</p><p><i>Những thuốc chống đông&nbsp;</i></p><p>NSAID có thể làm tăng tác dụng của những thuốc chống đông, ví dụ warfarin (xem phần CẢNH BÁO VÀ THẬN TRỌNG).</p><p><i>Axit acetylsalicylic&nbsp;</i></p><p>Cũng như với các thuốc khác có chứa NSAID, dùng đồng thời ibuprofen với axít acetylsalicylic/ aspirin nhìn chung không được khuyến nghị do khả năng tăng tác dụng bất lợi.</p><p>Số liệu thí nghiệm gợi ý rằng ibuprofen có thể ức chế tác dụng chống kết tụ tiểu cầu ở liều thấp của axit salicylic khi sử dụng đồng thời.</p><p>Tuy nhiên, hạn chế của các số liệu và sự không chắc chắn của việc ngoại suy từ các dữ liệu ngoài lâm sàng về tình huống lâm sàng gợi ý là không thể đưa ra kết luận chắc chắn nào về việc sử dụng thường xuyên ibuprofen, và không có tác dụng lâm sàng đáng kể nào có thể coi là có khả năng xảy ra khi thỉnh thoảng sử dụng ibuprofen (xem phần ĐẶC TÍNH DƯỢC LỰC HỌC).</p><p><i>Sulfonylurea&nbsp;</i></p><p>Các chất NSAID có thể làm tăng tác dụng của các thuốc sulfonylurea. Có rất ít báo cáo cho thấy hiện tượng giảm đường huyết ở bệnh nhân đang điều trị với sulfonylurea có dùng ibuprofen.</p><p><a href=\"https://nhathuoclongchau.com.vn/thanh-phan/zidovudine\"><i><strong>Zidovudine</strong></i></a><i><strong>&nbsp;</strong></i></p><p>Sử dụng chung với NSAIDs tăng nguy cơ gây độc tính huyết. Có bằng chứng tăng nguy cơ tụ máu khớp và bướu máu ở bệnh nhân HIV dương tính có chứng máu khó đông, sau khi được điều trị đồng thời zidovudine và ibuprofen.</p><p><i>Các NSAID khác, bao gồm salicylate và thuốc ức chế chọn lọc cyclooxygenase-2</i></p><p>Sử dụng đồng thời một vài NSAID có thể làm tăng nguy cơ loét và chảy máu dạ dày ruột do tác dụng hiệp đồng. Nên tránh sử dụng đồng thời ibuprofen với các NSAID khác.</p><p><i>Aminoglycosid&nbsp;</i></p><p>NSAID có thể làm giảm sự đào thải của các aminoglycoside.&nbsp;&nbsp; &nbsp;</p><p><i>Cholestyramine&nbsp;</i></p><p>Việc dùng phối hợp ibuprofen và cholestyramine có khả năng làm giảm hấp thu của ibuprofen trong đường tiêu hóa. Tuy nhiên, ảnh hưởng mang ý nghĩa lâm sàng còn chưa được biết.</p><p><a href=\"https://nhathuoclongchau.com.vn/thanh-phan/tacrolimus\"><i><strong>Tacrolimus&nbsp;</strong></i></a></p><p>Sử dụng đồng thời hai thuốc có thể tăng nguy cơ độc tính thận.</p><p><i>Những thuốc chống kết tụ tiểu cầu và những thuốc ức chế tái hấp thu serotonin chọn lọc&nbsp;</i></p><p>Tăng nguy cơ chảy máu dạ dày ruột (xem phần CẢNH BÁO VÀ THẬN TRỌNG).</p><p><i>Những chiết xuất từ cây cỏ&nbsp;</i></p><p>Ginkgo biloba có thể làm tăng nguy cơ chảy máu với NSAID.</p><p><i>Kháng sinh nhóm Quinolone&nbsp;</i></p><p>Những dữ liệu thu được trên động vật cho thấy NSAID có thể tăng nguy cơ co giật gắn liền với kháng sinh nhóm quinolone. Bệnh nhân sử dụng NSAID và kháng sinh nhóm quinolone có thể tăng nguy cơ co giật.</p><p><i>Các thuốc ức chế CYP2C9&nbsp;</i></p><p>Việc dùng kết hợp ibuprofen với các thuốc ức chế CYP2C9 có thể gia tăng phơi nhiễm với ibuprofen (cơ chất của CYP2C9). Trong một nghiên cứu với voriconazole và fluconazole (các thuốc ức chế CYP2C9) cho thấy mức độ phơi nhiễm với S(+)-ibuprofen tăng khoảng từ 80 đến 100% . Nên cân nhắc việc giảm liều ibuprofen khi chỉ định phối hợp các thuốc ức chế CYP2C9, đặc biệt khi ibuprofen liều cao được sử dụng phối hợp với voriconazole hoặc fluconazole.</p>','<p>Bảo quản ở nhiệt độ không quá 30°C.</p>','new',2,1,11,4,NULL),(5,'Viên uống BoniKiddy Botania kích thích hệ thống miễn dịch, bồi bổ cơ thể trẻ em (60 viên)','<p><strong>Bonikiddy</strong> kích thích hệ thống miễn dịch, bồi bổ cơ thể, tăng sức đề kháng, phòng tránh và hỗ trợ điều trị các bệnh đường hô hấp, các bệnh do virus gây ra như: cảm cúm, thủy đậu, sốt virus,...</p>','10/9/2023',405000,365000,'Hộp','<p><strong>BoniKiddy</strong>&nbsp;kích thích hệ thống miễn dịch, bồi bổ cơ thể, tăng sức đề kháng cho trẻ em chống lại các tác nhân gây bệnh như vi khuẩn, virus.</p><p>Giúp phòng tránh các bệnh đường hô hấp như: viêm mũi, viêm họng, <a href=\"https://nhathuoclongchau.com.vn/bai-viet/viem-phe-quan-co-nguy-hiem-khong-dan-den-bien-chung-nguy-hiem-nao-54143.html\"><strong>viêm phế quản</strong></a>, hen phế quản... Các bệnh do virus gây ra như: cảm cúm, thủy đậu, sốt virus,...</p><p>Hỗ trợ điều trị các bệnh trên và giảm nguy cơ tái phát.</p><p>Giúp trẻ ăn ngon miệng.</p>',25,'2026','Viên nang','Hộp 60 viên','Botania','<p><strong>Bonikiddy</strong> kích thích hệ thống miễn dịch, bồi bổ cơ thể, tăng sức đề kháng, phòng tránh và hỗ trợ điều trị các bệnh đường hô hấp, các bệnh do virus gây ra như: cảm cúm, thủy đậu, sốt virus,...</p>','<p>Echinacea purpurea, Colostrum, Royal jelly, Lactobacillus acidophilus, Streptococcus thermophilus, Vitamin C</p>','<p>Trẻ em dưới 3 tuổi: 1 viên x 2 lần/ngày, uống trước khi ăn 15 phút.</p><p>Trẻ em trên 3 tuổi: 1 - 2 viên x 2 lần/ngày, uống trước khi ăn 15 phút.</p><p>Mở viên, pha bột vào nước đường hoặc sữa, uống trước khi ăn 15 phút.</p>','<p>Chưa có thông tin về tác dụng phụ của sản phẩm.</p>','<p>Không sử dụng cho người mẫn cảm với bất cứ thành phần nào của sản phẩm.&nbsp;</p><p>Không dùng quá liều khuyến cáo.</p><p>Sản phẩm này không phải là thuốc và không có tác dụng thay thế thuốc chữa bệnh.</p><p>Đọc kỹ hướng dẫn sử dụng trước khi dùng.</p>','<p>Bảo quản nơi khô ráo, thoáng mát, tránh ánh nắng trực tiếp từ mặt trời.</p><p>Để xa tầm tay trẻ em.</p>','sale',1,0,11,5,NULL),(6,'Khẩu trang y tế trẻ em Hamita Advanced 4D Mask giúp ngăn bụi và vi khuẩn (5 cái)','<p>Khẩu trang y tế trẻ em Hamita Advanced 4D Mask có thiết kế 4D thông minh ôm khít khuôn mặt, giúp bảo vệ hiệu quả khỏi khói bụi ô nhiễm, chống giọt bắn và vi khuẩn từ môi trường.</p>','10/9/2023',35000,0,'Gói','<p>Khẩu trang y&nbsp;tế trẻ em Hamita Advanced 4D Mask&nbsp;được đánh giá là giải pháp bảo vệ đường hô hấp&nbsp;tối ưu nhờ vào khả năng lọc bụi mịn kích thước siêu nhỏ, chống giọt bắn (ngay cả khi bệnh nhân ho hoặc hắt hơi vào không khí), giúp ngăn chặn&nbsp;các tác nhân gây bệnh đến từ môi trường hiệu quả.</p>',50,'2025','','Hộp 10 gói','Hamita','<p>Bảo vệ đường hô hấp&nbsp;tối ưu nhờ vào khả năng lọc bụi mịn kích thước siêu nhỏ, chống giọt bắn (ngay cả khi bệnh nhân ho hoặc hắt hơi vào không khí), giúp ngăn chặn&nbsp;các tác nhân gây bệnh đến từ môi trường hiệu quả.</p>','<p>Vải kháng khuẩn SMS, giấy kháng khuẩn MELTBLOWN, Vải không dệt PP</p>','<ul><li>Mở khẩu trang, xác định đúng vị trí mũi và cằm.</li><li>Chụp khẩu trang kín mũi và miệng, kéo quai đeo vòng qua tai.</li><li>Điều chỉnh khẩu trang ôm khít mặt.</li></ul>','<p>Chưa có thông tin về tác dụng phụ của sản phẩm.</p>','<p>Không sử dụng khi sản phẩm bị đổi màu, không sử dụng&nbsp;với mục đích khác.</p><p>Sản phẩm&nbsp;khẩu trang 4d trẻ em chỉ sử dụng một lần.</p><p>Khẩu trang phải che kín mũi và&nbsp;miệng.</p><p>Khi mang khẩu trang tuyệt đối không sờ tay vào, vì động tác sờ tay, thậm chí chỉnh sửa khẩu trang sẽ vô tình làm cho bàn tay lây nhiễm vi-rút và các tác nhân gây bệnh khác, sau đó truyền bệnh lại cho chính mình và những người xung quanh.</p><p>Khi tháo khẩu trang 4D cho bé&nbsp;chỉ được cầm vào dây đeo qua tai. Tuyệt đối không dùng tay cầm vào khẩu trang để tháo ra, thói quen lấy tay vo khẩu trang lại sẽ gây lây nhiễm vi rút và các tác nhân gây bệnh khác cho bàn tay.</p><p>Rửa tay với xà phòng và nước sạch ngay sau khi vứt bỏ khẩu trang.</p>','<p>Nơi khô ráo, thoáng mát</p>','',2,1,11,6,NULL),(7,'Thuốc nhỏ mắt V.rohto Vitamin hỗ trợ cải thiện tình trạng giảm thị lực, mắt mờ (13ml)','<p>Thuốc nhỏ mắt V.Rohto Vitamin for Blurry Eyes là sản phẩm của Rotho - Mentholatum (Việt Nam), có thành phần chính là Natri chondroitin sulfat,&nbsp;<a href=\"https://nhathuoclongchau.com.vn/thanh-phan/chlorphenamine\">Chlorphenamine</a>,&nbsp;Vintamin B6 và&nbsp;Vitamin E.&nbsp;Thuốc nhỏ mắt V.Rohto Vitamin for Blurry Eyes hỗ trợ cải thiện tình trạng giảm thị lực, mắt mờ (do tiết dịch).</p>','10/9/2023',52000,0,'Chai','<ul><li>Hỗ trợ cải thiện tình trạng giảm thị lực.</li><li>Xung huyết kết mạc.</li><li>Mắt mờ (do tiết dịch).</li><li>Ngứa mắt.</li><li>Mắt mỏi mệt.</li><li>Viêm mí mắt.</li><li>Phòng ngừa các bệnh về mắt (do bơi lội hoặc bụi, mồ hôi rơi vào mắt).</li><li>Viêm mắt do tia tử ngoại hoặc do các tia sáng khác (như mù tuyết).</li><li>Cảm giác khó chịu khi sử dụng kính tiếp xúc cứng.</li></ul>',25,'2025','Dung dịch','Chai','Rohto','<p>Cải thiện tình trạng giảm thị lực.</p>','<p>Natri chondroitin sulfat, <a href=\"https://nhathuoclongchau.com.vn/thanh-phan/chlorphenamine\">Chlorphenamine</a>, Vintamin B6, <a href=\"https://nhathuoclongchau.com.vn/thanh-phan/vitamin-e\">Vitamin E</a></p>','<p>Thuốc nhỏ mắt V.Rohto Vitamin for Blurry Eyes&nbsp;dùng nhỏ mắt.</p>','<p>Khi sử dụng thuốc&nbsp;V.Rohto Vitamin for Blurry Eyes, bạn có thể gặp các tác dụng không mong muốn (ADR).</p><p>Thuốc có thể gây dị ứng như ngứa mắt, xung huyết trong một số trường hợp.&nbsp;</p><p><i>Hướng dẫn cách xử trí ADR:</i></p><p>Khi gặp tác dụng phụ của thuốc, cần ngưng sử dụng và thông báo cho bác sĩ hoặc đến cơ sở y tế gần nhất để được xử trí kịp thời.</p>','<h3><strong>Chống chỉ định</strong></h3><p>Thuốc nhỏ mắt V.Rohto Vitamin for Blurry Eyes chống chỉ định trong các trường hợp sau: Có tiền căn dị ứng với thuốc Sulfamide và mẫn cảm với các thành phần khác của thuốc.</p><h3><strong>Thận trọng khi sử dụng</strong></h3><p>Hỏi ý kiến bác sĩ hay dược sĩ trước khi dùng trong các trường hợp:&nbsp;</p><p>Đang theo một quá trình điều trị.</p><p>Có tiền căn dị ứng với thuốc nhỏ mắt.</p><p>Đau mắt nặng.</p><p>Tăng nhãn áp.</p><p>Trước khi dùng thuốc, chú ý:</p><p>Trẻ em dùng thuốc dưới sự hướng dẫn của người lớn.</p><p>Không để mí mắt hay lông mi chạm vào miệng lọ để tránh nhiễm trùng hoặc làm đục dung dịch do các chất tiết hoặc mầm vi sinh vật.</p><p>Chỉ dùng thuốc này để nhỏ mắt.</p><p>Ngưng dùng sản phẩm, đem tờ hướng dẫn này đến hỏi ý kiến bác sĩ hay dược sĩ trong những trường hợp sau:</p><p>Sau khi sử dụng:</p><figure class=\"table\"><table><tbody><tr><td><strong>Bộ phận liên quan</strong></td><td><strong>Triệu chứng</strong></td></tr><tr><td>Ngoài da</td><td>Phát ban, mẩn đỏ, ngứa</td></tr><tr><td>Mắt</td><td>Đỏ, ngứa, sưng tấy, đau nhức</td></tr></tbody></table></figure><p>Tình trạng mờ mắt không được cải thiện.</p><p>Các triệu chứng không thuyên giảm sau 2 tuần sử dụng sản phẩm.</p><h3><strong>Khả năng lái xe và vận hành máy móc</strong></h3><p>Thuốc không ảnh hưởng lên khả năng lái xe và vận hành máy móc.</p><h3><strong>Thời kỳ mang thai</strong></h3><p>Chưa có ghi nhận về bất kì trường hợp ảnh hưởng nào tới phụ nữ có thai và thai nhi.</p><h3><strong>Thời kỳ cho con bú</strong></h3><p>Chưa có ghi nhận về bất kì trường hợp ảnh hưởng nào tới phụ nữ cho con bú.</p><h3><strong>Tương tác thuốc</strong></h3><p>Trừ trường hợp có chỉ định của bác sĩ, tránh dùng cùng lúc với các loại thuốc nhỏ mắt khác.</p>','<p>Vặn chặt nắp lo sau khi dùng.</p><p>Để tránh nhầm lẫn và giảm chất lượng, không đựng thuốc vào chai lọ khác.</p><p>Không dùng chung lọ thuốc với người khác để tránh lây nhiễm.</p><p>Một vài hoạt chất có thể kết tinh ở miệng lọ do điều kiện bảo quản thuốc. Hãy lau miệng lọ bằng gạc sạch trước khi dùng.</p><p>Bảo quản nơi khô mát (dưới 30 °C), tránh ánh nắng trực tiếp.</p><p>Không đổ dung dịch khác vào vỏ chai sản phẩm&nbsp;V.Rohto Vitamin để sử dụng.</p><p>Sau khi mở nắp, nên sử dụng càng nhanh càng tốt vì thuốc có thể bị lây nhiễm trong khi sử dụng</p>','hot',3,0,1,7,NULL),(8,'Siro Special Kid Vision Eric Favre hỗ trợ ngừa cận thị, mỏi mắt cho bé (125ml)','<p>Siro Special Kid Vision bổ sung các dưỡng chất cần thiết, có ích cho thị giác. Giúp tăng cường thị lực cho mắt.&nbsp;Hỗ trợ phòng ngừa cận thị, mỏi mắt, khô mắt.</p>','10/9/2023',239000,220000,'Chai','<p>Siro Special Kid Vision bổ sung các dưỡng chất cần thiết, có ích cho thị giác.</p><p>Giúp tăng cường thị lực cho mắt.&nbsp;</p><p>Hỗ trợ phòng ngừa cận thị, mỏi mắt, khô mắt.</p>',31,'2026','Dung dịch','Chai','ERIC FAVRE® WELLNESS','','<p><a href=\"https://nhathuoclongchau.com.vn/thanh-phan/ginkgo-biloba\">Ginkgo biloba</a>, Vaccinium myrtillus, <a href=\"https://nhathuoclongchau.com.vn/thanh-phan/lutein\">Lutein</a>, <a href=\"https://nhathuoclongchau.com.vn/thanh-phan/zeaxanthin\">Zeaxanthin</a>, <a href=\"https://nhathuoclongchau.com.vn/thanh-phan/vitamin-e\">Vitamin E</a>, <a href=\"https://nhathuoclongchau.com.vn/thanh-phan/zinc\">Zinc</a>, <a href=\"https://nhathuoclongchau.com.vn/thanh-phan/vitamin-b2\">Vitamin B2</a>, <a href=\"https://nhathuoclongchau.com.vn/thanh-phan/vitamin-a\">Vitamin A</a>, Euphrasia officinalis/ Cỏ chổi</p>','<p>Trẻ dưới 24 tháng tuổi: Sử dụng theo sự hướng dẫn của Bác sỹ.</p><p>Trẻ dưới 5 tuổi: Uống 10ml&nbsp;(1&nbsp;thìa canh) mỗi ngày.</p><p>Trẻ trên 5 tuổi: Uống 20ml&nbsp;(2&nbsp;thìa canh) mỗi ngày.</p><p>&nbsp;Lắc kỹ trước khi dùng. Có thể uống trực tiếp hoặc pha loãng với nước hay nước giải khát khác.</p>','<p>Chưa có thông tin về tác dụng phụ của sản phẩm.</p>','<p>Không dùng cho người mẫn cảm với bất kỳ thành phần nào của sản phẩm.</p><p>Không dùng quá liều khuyến cáo hằng ngày.</p><p>Được sử dụng đồng thời với một chế độ ăn uống cân bằng và lối sống lành mạnh.</p><p>Sản phẩm này không phải là thuốc và không có tác dụng thay thế thuốc chữa bệnh.</p><p>Đọc kỹ hướng dẫn sử dụng trước khi dùng.</p>','<p>Bảo quản trong bao bì gốc ở nhiệt độ dưới 25°C. Tránh tiếp xúc với môi trường ẩm ướt và ánh sáng trực tiếp.</p><p>Để xa tầm tay trẻ em.</p>','sale',2,0,1,8,NULL),(9,'Viên uống Teens Active Vitamins For Life bổ sung vitamin và khoáng chất (60 viên)','<p>Teens Active bổ sung vitamin và khoáng chất cho thanh thiếu niên, hỗ trợ cân bằng dinh dưỡng.</p>','10/9/2023',350000,280000,'Hộp','<p>Teens Active bổ sung vitamin và khoáng chất cho thanh thiếu niên, hỗ trợ cân bằng dinh dưỡng.</p>',20,'2026','Viên nén','Hộp 60 viên','Vitamins For Life','<p>Suy nhược cơ thể, Suy dinh dưỡng</p>','<p>Vitamin B6, Vitamin E, Betacarotene, Vitamin B1, Vitamin B2, Vitamin B3, Vitamin B12, Folic Acid, Biotin, Pantothenic acid, Calcium, Vitamin K, Iron, Vitamin D3, Phosphorous, Iodine, Magnesium oxide, Zinc, Manganese, Selenium, Chromium, Copper, Molybdenum, Vitamin C</p>','<p>Mỗi ngày uống 1 viên. Uống sau khi ăn.</p>','<p>Chưa có thông tin về tác dụng phụ của sản phẩm.</p>','<p>Không sử dụng cho người mẫn cảm với bất kỳ&nbsp;thành phần nào của sản phẩm.</p><p>Không dùng quá liều khuyến cáo.</p><p>Sản phẩm này không phải là thuốc và&nbsp;không có tác dụng thay thế thuốc chữa bệnh.</p><p>Đọc kỹ hướng dẫn sử dụng trước khi dùng.</p>','<p>Bảo quản nơi khô ráo, thoáng&nbsp;mát, nhiệt độ không quá 30 độ C, tránh ánh sáng trực tiếp.</p><p>Để xa tầm tay trẻ em.</p>','sale',3,0,2,9,NULL),(10,'Gel Oxy10 Rohto hỗ trợ điều trị mụn trứng cá nặng và mụn trứng cá có mủ (10g)','<p><strong>Oxy 10 do CTY TNHH ROHTO-MENTHOLATUM (VIỆT NAM)</strong> có chứa <a href=\"https://nhathuoclongchau.com.vn/thanh-phan/benzoyl-peroxide\"><strong>Benzoyl Peroxide</strong></a> với công dụng dùng tại chỗ để điều trị mụn trứng cá nhẹ hoặc vừa, và là thuốc hỗ trợ điều trị mụn trứng cá nặng và mụn trứng cá có mủ.</p>','10/9/2023',49000,0,'Tuýp','<p><strong>Thuốc Oxy 10</strong> được chỉ định dùng trong các trường hợp sau:</p><p><i>Benzoyl Peroxide được dùng tại chỗ để điều trị </i><a href=\"https://nhathuoclongchau.com.vn/benh/mun-trung-ca-529.html\"><i><strong>mụn trứng cá</strong></i></a><i> nhẹ hoặc vừa, và là thuốc hỗ trợ điều trị mụn trứng cá nặng và mụn trứng cá có mủ.</i></p>',30,'2026','Nhũ tương (gel)  ',' Tuýp','Rohto','<p>Điều trị mụn trứng cá nặng và mụn trứng cá có mủ.</p>','<p>Benzoyl peroxide</p>','<p>Chỉ sử dụng ngoài da. Lắc kỹ thuốc trước khi dùng.&nbsp;</p><p>Rửa thật sạch và lau khô vùng da cần chữa trị. Chấm Oxy lotion lên các đốm mụn. Bôi nhẹ nhàng trên vùng da nhờn có mụn ở mặt, cổ hoặc bất kỳ chỗ nào trên cơ thể có mụn trứng cá hoặc mụn bọc.</p>','<p>Khi sử dụng <strong>thuốc Oxy 10</strong> bạn có thể gặp các tác dụng không mong muốn (ADR).</p><p><i>Rất thường gặp, ADR &gt;1/10</i></p><p>Rối loạn da và mô dưới da: Lột da, đỏ da tại vùng bôi thuốc.</p><p><i>Thường gặp, ADR &gt;1/100</i></p><p>Rối loạn da và mô dưới da: Khô, ngứa, viêm da tiếp xúc kích ứng.</p><p><i>Ít gặp, 1/1000 &lt; ADR &lt; 1/100</i></p><p>Rối loạn da và mô dưới da: Cảm giác nóng rát da.</p><p><i>Không rõ tần suất</i></p><p>Rối loạn da và mô dưới da: Phát ban.</p><p>Rối loạn hệ miễn dịch: Phản ứng dị ứng, bao gồm những vị trí mẫn cảm.</p><p>Rối loạn toàn thân và tại chỗ điều trị: Bạc màu lông tóc và da tại vùng bôi thuốc và các phản ứng tại chỗ như kích ứng, đau.</p><p><i>Hướng dẫn cách xử trí ADR</i></p><p>Khi gặp tác dụng phụ của thuốc, cần ngưng sử dụng và thông báo cho bác sĩ hoặc đến cơ sở y tế gần nhất để được xử trí kịp thời.</p>','<p>Trước khi sử dụng thuốc bạn cần đọc kỹ hướng dẫn sử dụng và tham khảo thông tin bên dưới.</p><h3><strong>Chống chỉ định</strong></h3><p><strong>Thuốc Oxy 10</strong> chống chỉ định trong&nbsp;trường hợp sau:</p><p>Người bị quá mẫn với bất kỳ thành phần nào của thuốc.</p><h3><strong>Thận trọng khi sử dụng</strong></h3><p>Trong vài tuần đầu điều trị, bong tróc và đỏ da thường xảy ra ở hầu hết các bệnh nhân và sẽ giảm đi trong 1 hoặc 2 ngày tạm ngưng dùng thuốc.&nbsp;</p><p>Sản phẩm có chứa Cetyl Alcohol, Propylene Glycol, Methylparaben, Propylparaben có thể gây kích ứng da, viêm da tiếp xúc.</p><p>Nên thử trước xem da có nhạy cảm với sản phẩm này không bằng cách bôi thử lên vùng da nhỏ bị mụn. Nếu xuất hiện ngứa hoặc khô da nên giảm liều lượng và số lần sử dụng. Nếu da quả ngứa, đỏ, nóng, sưng hoặc đau rát, phải ngưng sử dụng và xin chỉ dẫn của bác sĩ.&nbsp;</p><p>Tránh để thuốc chạm vào mắt, môi, miệng, niêm mạc và vết thương hở. Nếu không may xảy ra, phải rửa kỹ với nước.&nbsp;</p><p>Benzoyl Peroxide có thể làm cho da nhạy cảm hơn với những tác hại của ánh nắng mặt trời, vì vậy tránh hoặc hạn chế tối thiểu tiếp xúc trực tiếp với ánh nắng mặt trời hoặc tia tử ngoại. Khi không thể tránh tiếp xúc ánh nắng mặt trời, bệnh nhân nên sử dụng sản phẩm chống nắng và mặc quần áo bảo hộ.&nbsp;</p><p>Quần áo màu hoặc nhuộm có thể bị tẩy trắng bởi tác động oxy hóa của Benzoyl Peroxide.</p><h3><strong>Khả năng lái xe và vận hành máy móc</strong></h3><p>Chưa có tài liệu ảnh hưởng của thuốc đối với công việc người vận hành máy móc, đang lái tàu xe, người làm việc trên cao và các trường hợp khác</p><h3><strong>Thời kỳ mang thai&nbsp;</strong></h3><p>Còn chưa biết rõ Benzoyl Peroxide có gây tổn hại cho thai khi dùng cho người mang thai hoặc có thể ảnh hưởng đến khả năng sinh sản hay không. Tuy nhiên, chỉ nên dùng cho người mang thai khi lợi ích điều trị lớn hơn nguy cơ rủi ro cho thai nhi. Chưa có tài liệu về tác dụng của Benzoyl Peroxide trên sự trưởng thành, phát triển và hoàn thiện các chức năng của thai nhi.</p><h3><strong>Thời kỳ cho con bú</strong></h3><p>Sự hấp thu qua da của Benzoyl Peroxide rất hạn chế. Tuy nhiên, vẫn chưa biết thuốc này có tiết vào sữa mẹ hay không. Chỉ nên dùng Benzoyl Peroxide trong thời kỳ cho con bú khi lợi ích điều trị lớn hơn nguy cơ cho trẻ sơ sinh. Nếu sử dụng trong thời gian cho con bú, không nên bôi thuốc vào vùng ngực để tránh trẻ sơ sinh nuốt phải.</p><h3><strong>Tương tác thuốc</strong></h3><p>Không được dùng Benzoyl Peroxide khi phải tiếp xúc với ánh nắng mặt trời hoặc tia tử ngoại.&nbsp;</p><p>Tránh dùng đồng thời Benzoyl Peroxide với <a href=\"https://nhathuoclongchau.com.vn/thanh-phan/tretinoin\"><strong>Tretinoin</strong></a>, Isotretinoin, và Tazarotene vì có thể giảm hiệu quả và tăng kích ứng.&nbsp;</p><p>Nếu cần điều trị kết hợp, các thuốc nên được sử dụng vào những thời điểm khác nhau trong ngày (ví dụ: 1 thuốc vào buổi sáng và 1 thuốc vào buổi tối).&nbsp;</p><p>Dùng đồng thời Benzoyl Peroxide với các sản phẩm có chứa <a href=\"https://nhathuoclongchau.com.vn/thanh-phan/sulfanilamide\"><strong>sulfonamide</strong></a> có thể khiến da và lông mặt bị biến đổi màu tạm thời (vàng hoặc cam).</p>','<p>Bảo quản nơi khô mát (dưới 30 °C), tránh ánh nắng trực tiếp.</p>','',3,1,3,7,NULL),(11,'Thuốc tránh thai khẩn cấp Postinor 1 1.5mg Gedeon (1 viên)','<p>Postinor 1 với&nbsp;thành phần chính levonorgestrel, là thuốc ngừa thai khẩn cấp, có thể được dùng trong vòng 72 giờ sau các cuộc giao hợp không dùng biện pháp tránh thai, hoặc biện pháp tránh thai đã dùng không đạt hiệu quả.</p>','10/9/2023',37000,0,'Hộp','<p>Thuốc Postinor 1 được chỉ định dùng trong các trường hợp sau:</p><p>Ngừa thai khẩn cấp, có thể được dùng trong vòng 72 giờ sau các cuộc giao hợp không dùng biện pháp tránh thai, hoặc biện pháp tránh thai đã dùng không đạt hiệu quả. Loại thuốc tránh thai này thường được gọi là “viên thuốc của ngày hôm sau”.</p>',50,'2025','Viên nén','Hộp 1 viên','Gedeon','','<p>Levonorgestrel</p>','<p>Dùng đường uống.</p>','<p>Khi sử dụng thuốc Postinor 1, bạn có thể gặp các tác dụng không mong muốn (ADR).</p><p>Tác dụng không mong muốn phổ biến nhất được báo cáo là buồn nôn sau khi dùng thuốc. Bạn cũng có thể bị nôn.</p><p>Kinh nguyệt có thể thay đổi. Tuy rằng đa số phụ nữ sẽ có chu kỳ kinh bình thường, nhưng một số người có thể có kinh sớm hoặc trễ hơn. Cũng có thể xảy ra xuất huyết bất thường hoặc xuất huyết lấm tấm trong thời gian sau dùng thuốc cho đến kỳ kinh tiếp theo.</p><p>Bạn có thể bị căng tức vú, <a href=\"https://nhathuoclongchau.com.vn/benh/nhuc-dau-24.html\"><strong>nhức đầu</strong></a>, đau bụng dưới, tiêu chảy, chóng mặt hoặc mệt mỏi sau khi sử dụng thuốc. Những triệu chứng này sẽ giảm dần sau vài ngày.</p><p>Các tác dụng không mong muốn sau đây đã được báo cáo tuy rất hiếm gặp từ giám sát hậu mãi: đau bụng, đỏ da, <a href=\"https://nhathuoclongchau.com.vn/benh/me-day-527.html\"><strong>mày đay</strong></a>, ngứa, đau khung chậu, đau bụng kinh, phù mặt.</p><p><i>Hướng dẫn cách xử trí ADR</i></p><p>Nếu bạn nhận thấy những triệu chứng nào khác ngoài những gì liệt kê trên đây, hãy hỏi ý kiến bác sĩ, dược sĩ, các y sĩ thực hành hoặc tư vấn tại các phòng khám về kế hoạch hóa gia đình.</p><p>Nếu bạn bị trễ kinh quá 5 ngày hay kinh nguyệt ra nhiều hoặc ít hơn bình thường, bạn cần xin ý kiến của bác sĩ càng sớm càng tốt.</p>','<h3><strong>Chống chỉ định</strong></h3><p>Thuốc Postinor 1 chống chỉ định trong các trường hợp sau:</p><p>Quá mẫn với bất cứ thành phần nào của thuốc.</p><p>Người mắc bệnh gan nặng.</p><p>Phụ nữ có thai.</p><h3><strong>Thận trọng khi sử dụng</strong></h3><p>Bạn chỉ được dùng Postinor 1 khi cần phải tránh thai khẩn cấp, mà không dùng thuốc này như một biện pháp tránh thai thường xuyên. Nếu dùng Postinor 1 hơn một lần trong cùng một chu kỳ kinh, thì kinh nguyệt của bạn có nhiều khả năng bị rối loạn. Postinor 1 không phải là một lựa chọn tốt khi cần tránh thai thường xuyên. Khi bạn cần tránh thai thường xuyên, hãy gặp bác sĩ, dược sĩ, các y sĩ thực hành hoặc tư vấn tại các phòng khám về kế hoạch hóa gia đình để được giúp lựa chọn một biện pháp tránh thai phù hợp và hiệu quả hơn.</p><p>Nếu bạn bị nôn trong vòng 3 giờ sau khi uống thuốc, cần phải uống thêm 1 viên nữa. Hãy gặp bác sĩ, dược sĩ, các y sĩ thực hành hoặc tư vấn tại các phòng khám về kế hoạch hóa gia đình để xin lời khuyên về việc uống bù này.</p><p>Nếu bạn không đang dùng thuốc tránh thai thường xuyên, thì sau khi đã uống thuốc Postinor 1, bạn cần phải sử dụng bao cao su hoặc màng chắn diệt tinh trùng để tránh thai trong các lần giao hợp sau đó, cho tới khi hành kinh. Bởi vì Postinor 1 không có tác dụng tránh thai cho những lần giao hợp sau. Ba tuần sau khi dùng Postinor 1, bạn nên gặp bác sĩ để được xác định là thuốc đã có tác dụng. Nếu kinh nguyệt của bạn trễ hơn 5 ngày, hoặc kinh ra nhiều hay ít hơn bình thường, thì cần gặp bác sĩ càng sớm càng tốt. Nếu bạn đã dùng thuốc mà vẫn có thai, việc sớm gặp bác sĩ là rất quan trọng.</p><p>Bác sĩ cũng có thể sẽ cho bạn biết về các biện pháp tránh thai thường xuyên, hiệu quả hơn. Trường hợp bạn vẫn tiếp tục dùng các phương pháp tránh thai thường xuyên có chứa hormon, ví dụ viên uống tránh thai, và bạn không thấy có kinh vào khoảng thời gian đang uống viên không hoạt chất thì bạn cần gặp bác sĩ ngay để được xác định xem có thai hay không.</p><p>Nếu bạn ở trong bất kỳ tình trạng nào sau đây, cần báo cho bác sĩ biết trước khi dùng Postinor 1 vì có thể thuốc ngừa thai khẩn cấp không phù hợp với bạn. Bác sĩ có thể giúp bạn lựa chọn một biện pháp tránh thai khác phù hợp hơn.</p><p>Nếu bạn đang mang thai hoặc nghĩ rằng có lẽ bạn đã thụ thai;</p><p>Bạn bị trễ kinh, hoặc kỳ kinh cuối của bạn không giống như bình thường;</p><p>Kể từ kỳ kinh cuối, nếu bạn đã có một cuộc giao hợp không dùng biện pháp tránh thai, xảy ra đã quá 72 giờ (vì có thể sự thụ thai đã xảy ra, nên việc điều trị sẽ không có kết quả);</p><p>Nếu bạn mắc một bệnh nào đó về đường ruột (ví dụ, bệnh <a href=\"https://nhathuoclongchau.com.vn/benh/benh-crohn-46.html\"><strong>Crohn</strong></a>), ảnh hưởng đến sự tiêu hoá thức ăn;&nbsp;</p><p>Nếu có bệnh suy gan nặng.&nbsp;</p><p>Thuốc có chứa 142,5 mg lactose monohydrat. Những người có bị bệnh di truyền hiếm gặp về không dung nạp galactose, không dung nạp lactose hoặc bị bệnh kém hấp thu glucose-galactose không nên dùng thuốc này.&nbsp;</p><p>Postinor 1 không phải là biện pháp tránh thai thường xuyên và chỉ phù hợp như một biện pháp khẩn cấp. Phụ nữ cần dùng lặp lại thuốc tránh thai khẩn cấp được khuyên nên dùng các biện pháp tránh thai lâu dài. Dùng thuốc tránh thai khẩn cấp không thay thế cho các biện pháp ngăn ngừa bệnh lây truyền qua đường tình dục.</p><h3><strong>Khả năng lái xe và vận hành máy móc</strong></h3><p>Chưa có nghiên cứu nào về tác dụng của thuốc trên khả năng lái xe và vận hành máy móc.</p><h3><strong>Thời kỳ mang thai&nbsp;</strong></h3><p>Nếu bạn đang mang thai, không được dùng thuốc này. Thuốc cũng không gây sảy thai. Kể từ kỳ kinh cuối, nếu bạn có trải qua một cuộc giao hợp không dùng biện pháp tránh thai, xảy ra đã quá 72 giờ, thì có thể bạn đã thụ thai, và vì vậy việc dùng thuốc có thể không đem lại kết quả.</p><p>Nếu kỳ kinh cuối của bạn bị trễ quá 5 ngày, hay kinh nguyệt nhiều hoặc ít hơn bình thường thì bạn cần được bác sĩ kiểm tra xem bạn có thai hay chưa.&nbsp;</p><p>Nếu bạn vẫn có thai dù đã sử dụng thuốc này, bạn cần phải gặp bác sĩ. Không có bằng chứng nào cho thấy Postinor 1 sẽ gây hại đến thai nhi, nhưng bác sĩ cần phải chẩn đoán tình trạng thai ngoài tử cung thai nhi phát triển ở một nơi khác, không phải ở trong tử cung như bình thuồng. Việc gặp bác sĩ sẽ là đặc biệt quan trọng nếu bạn cảm thấy đau bụng nặng sau khi dùng Postinor 1, hoặc nếu bạn đã có lần mang thai ngoài tử cung, phẫu thuật ống dẫn trứng hoặc viêm khung chậu.</p><h3><strong>Thời kỳ cho con bú</strong></h3><p>Có một lượng rất nhỏ hoạt chất của thuốc có thể đi vào trong sữa mẹ. Điều này không được cho là có hại đối với em bé, nhưng nếu bạn không an tâm thì có thể uống thuốc ngay sau khi cho bé bú và không cho bú trong ít nhất là 8 giờ. Làm như vậy thì khoảng thời gian từ lúc bạn uống thuốc đến lần cho bú sau đủ xa để làm giảm lượng thuốc trong sữa mà bé có thể bú phải.</p><h3><strong>Tương tác thuốc</strong></h3><p>Chuyển hóa của levonorgestrel tăng lên khi sử dụng đồng thời levonorgestrel với các thuốc gây cảm ứng enzym gan, hầu hết là thuốc gây cảm ứng enzym CYP3A4. Đồng thời sử dụng <a href=\"https://nhathuoclongchau.com.vn/thanh-phan/efavirenz\"><strong>efavirenz</strong></a> với levonorgestrel làm giảm nồng độ levenorgestrel trong huyết tương khoảng 50%. Các thuốc khác nghi ngờ có khả năng làm giảm nồng độ levonorgestrel tương tự trong huyết tương gồm các dẫn chất barbiturat (bao gồm cả primidon), <a href=\"https://nhathuoclongchau.com.vn/thanh-phan/phenytoin\"><strong>phenytoin</strong></a>, và <a href=\"https://nhathuoclongchau.com.vn/thanh-phan/carbamazepine\"><strong>carbamazepin</strong></a>, các thuốc có nguồn gốc dược liệu có <i>Hypericum perforatum</i> (St. John\'s Wort), <a href=\"https://nhathuoclongchau.com.vn/thanh-phan/rifampicin\"><strong>rifampicin</strong></a>, <a href=\"https://nhathuoclongchau.com.vn/thanh-phan/ritonavir\"><strong>ritonavir</strong></a>, rifabutin và griseofulvin.</p><p>Phụ nữ khi đã dùng thuốc cảm ứng enzym trong vòng 4 tuần trước đó, cần sử dụng biện pháp tránh thai khẩn cấp là biện pháp tránh thai không chứa hormon (ví dụ đặt vòng tránh thai trong tử cung. Đối với phụ nữ không thể hoặc không sẵn sàng đặt vòng tránh thai trong tử cung, có thể uống liều gấp đôi levenorgestrel (nghĩa là 3000 microgam trong vòng 72 giờ sau khi giao hợp không an toàn). Tuy nhiên, việc phối hợp liều gấp đôi levonorgestrel và chất cảm ứng enzym chưa được nghiên cứu đầy đủ.</p><p>Postinor 1 có thể làm tăng độc tính của cyclosporin (một thuốc hỗ trợ miễn dịch) do ức chế chuyển hóa của cyclosporin.</p>','<p>Bảo quản nơi khô ráo, nhiệt độ dưới 30oC trong bao bì gốc, tránh ánh sáng.</p>','hot',3,0,4,10,NULL),(12,'Hoạt huyết dưỡng não Cerecaps Mediplantex hỗ trợ cải thiện suy giảm trí nhớ (30 viên)','<p>Thuốc Hoạt Huyết Dưỡng Não Cerecaps là dược phẩm của Công ty Cổ phần Dược Trung Ương Mediplantex, có thành phần chính cao khô hỗn hợp các dược liệu, giúp điều trị hiệu quả các trường hợp như: Suy giảm trí nhớ, đau đầu, hoa mắt chóng mặt, hay cáu gắt ở người có tuổi, thiếu máu, căng thẳng, mệt mỏi, mất tập trung, chứng tê bì, nhức mỏi chân tay (do thiểu năng tuần hoàn ngoại vi)...</p>','10/9/2023',88000,0,'Hộp','<p>Thuốc Hoạt Huyết Dưỡng Não Cerecaps được chỉ định trong các trường hợp sau:</p><p>Suy giảm trí nhớ, đau đầu, hoa mắt chóng mặt, hay cáu gắt ở người có tuổi, <a href=\"https://nhathuoclongchau.com.vn/bai-viet/nguyen-nhan-va-tac-hai-cua-mat-ngu-la-gi-47390.html\">mất ngủ</a>, ngủ hay mê, hay ngủ gà, <a href=\"https://nhathuoclongchau.com.vn/bai-viet/luc-nao-cung-buon-ngu-la-benh-gi-14721.html\">ngủ gật</a> (do thiểu năng tuần hoàn não).</p><p>Thiếu máu, sạm da, đứng lên ngồi xuống hay bị chóng mặt.</p><p>Làm việc trí óc nhiều bị <a href=\"https://nhathuoclongchau.com.vn/benh/stress-34.html\">căng thẳng</a>, mệt mỏi, mất tập trung, chứng tê bì, nhức mỏi chân tay (do thiểu năng tuần hoàn ngoại vi).</p>',20,'2026','Viên nang cứng','Hộp 3 vỉ x 10 viên','Mediplantex','','<p>Ngưu tất (Rễ), Chỉ xác, Sài Hồ, Xích thược, Sinh Địa, Xuyên khung, Hồng hoa, Cam thảo</p>','<p>Thuốc được dùng đường uống, uống sau bữa ăn.</p><p>Uống cả viên thuốc, không được bẻ, nhai hay nghiền viên thuốc trước khi uống.</p>','<p>Chưa có thông tin về tác dụng phụ của sản phẩm.</p>','<h3><strong>Chống chỉ định</strong></h3><p>Thuốc Hoạt Huyết Dưỡng Não Cerecaps chống chỉ định trong các trường hợp sau:</p><p>Người mẫn cảm với một trong các thành phần của thuốc.</p><p>&nbsp;Phụ nữ có thai.</p><p>Người có bệnh chảy máu không đồng hoặc dễ chảy máu.</p><p>Sốt xuất huyết.</p><p>Người nhồi máu cấp.</p><p>Người giảm trí nhớ do thiểu năng trí tuệ.</p><p>Trẻ em dưới 12 tuổi.</p><p>Trẻ em thiểu năng trí tuệ.</p><h3><strong>Thận trọng khi sử dụng</strong></h3><p>Chưa có thông tin.</p><h3><strong>Khả năng lái xe và vận hành máy móc</strong></h3><p>Dùng được.</p><h3><strong>Thời kỳ mang thai và cho con bú</strong></h3><p>Người có thai không nên dùng.</p><h3><strong>Tương tác thuốc</strong></h3><p>Không dùng với thuốc chống đông máu: Aspirin, heparin,...</p>','<p>Nơi khô, tránh ánh sáng, nhiệt độ dưới 30°C.</p><p>Hạn dùng: 36 tháng kể từ ngày sản xuất. Không dùng thuốc quá hạn.</p><p>Thuốc sản xuất theo TCCS.</p><p>Để xa tầm tay của trẻ em. Đọc kỹ hướng dẫn sử dụng trước khi dùng.</p><p>Nếu cần thêm thông tin xin hỏi ý kiến thầy thuốc.</p>','new',1,0,7,12,NULL),(13,'Thuốc Glotadol 650mg Abbott giúp giảm đau, hạ sốt (200 viên)','<p>Thuốc Glotadol 650 thành phần hoạt chất Paracetamol với công dụng điều trị sốt và làm giảm các cơn đau từ nhẹ đến vừa như đau đầu và đau cơ thông thường, đau nhức do cảm cúm hay cảm lạnh, đau lưng, đau răng, đau do viêm khớp nhẹ và đau do hành kinh.</p><p>Thuốc Glotadol 650 là viên nén bao phim dài, màu trắng, một mặt có khắc chữ \"GLM\", một mặt có khắc số \"650\".</p>','10/9/2023',120000,0,'Hộp','<ul><li>Ðiều trị sốt.&nbsp;</li><li>Làm giảm các cơn đau từ nhẹ đến vừa như: <a href=\"https://nhathuoclongchau.com.vn/benh/nhuc-dau-24.html\">Đau đầu </a>và đau cơ thông thường, đau nhức do cảm cúm hay cảm lạnh, đau lưng, đau răng, đau do viêm khớp nhẹ và đau do hành kinh.</li></ul>',15,'2026','Viên nén bao phim','Hộp 200 viên','Abbott','','<p>Acetaminophen</p>','<p>Thuốc Glotadol 650 được dùng đường uống.</p>','<p>Khi sử dụng thuốc Glotadol 650, bạn có thể gặp các tác dụng không mong muốn (ADR).</p><p>Tác dụng phụ thường nhẹ và có thể hồi phục sau khi ngưng dùng thuốc.</p><p>Ít gặp, 1/1000 &lt; ADR &lt; 1/100</p><p>Trên da nổi mẩn, ban đỏ hay mày đay.&nbsp;<br>Dạ dày - ruột: Buồn nôn, nôn.&nbsp;<br>Huyết học: Giảm bạch cầu trung tính, giảm bạch cầu, giảm toàn thể huyết cầu, thiếu máu.&nbsp;<br>Thận: Bệnh thận, độc tính thận khi lạm dụng dài ngày.&nbsp;<br>Hiếm gặp, ADR &lt; 1/1000</p><p>Da: Hội chứng Steven-Johnson (SJS), hội chứng hoại tử da nhiễm độc (TEN) hay hội chứng Lyell, hội chứng ngoại ban mụn mủ toàn thân cấp tính (AGEP).&nbsp;<br>Gan-mật: Rối loạn chức năng gan.&nbsp;<br>Khác: Phản ứng quá mẫn.&nbsp;<br>Hướng dẫn cách xử trí ADR</p><p>Khi gặp tác dụng phụ của thuốc, cần ngưng sử dụng và thông báo cho bác sĩ hoặc đến cơ sở y tế gần nhất để được xử trí kịp thời.</p>','<h3><strong>Chống chỉ định</strong></h3><p>Thuốc Glotadol 650 chống chỉ định trong các trường hợp sau:</p><ul><li>Quá mẫn với các thành phần của thuốc.&nbsp;</li><li>Bệnh nhân thiếu hụt glucose-6-phosphat dehydrogenase.&nbsp;</li><li>Bệnh viêm gan tiến triển nặng, suy gan nặng.&nbsp;</li></ul><h3><strong>Thận trọng khi sử dụng</strong></h3><p>Không dùng với các thuốc khác có chứa paracetamol.&nbsp;</p><p>Không được dùng paracetamol để điều trị giảm đau quá 10 ngày ở người lớn hoặc quá 5 ngày ở trẻ em nếu không có chỉ định của bác sĩ.&nbsp;</p><p>Thận trọng khi sử dụng trên bệnh nhân có chức năng gan hoặc thận bị suy yếu.&nbsp;</p><p>Thận trọng đối với những bệnh nhân có tiền sử thiếu máu.&nbsp;</p><p>Nên tránh hoặc hạn chế uống rượu khi dùng thuốc vì rượu có thể làm tăng độc tính của paracetamol trên gan.&nbsp;</p><p>Bác sĩ cần cảnh báo bệnh nhân về các dấu hiệu của phản ứng trên da nghiêm trọng như hội chứng Steven-Johnson (SJS), hội chứng hoại tử da nhiễm độc (TEN) hay hội chứng Lyell, hội chứng ngoại ban mụn mủ toàn thân cấp tính (AGEP).&nbsp;</p><p>Thận trọng tá dược: Propylen glycol có thể gây ra triệu chứng giống say rượu.&nbsp;</p><h3><strong>Khả năng lái xe và vận hành máy móc</strong></h3><p>Chưa có bằng chứng về ảnh hưởng của thuốc lên khả năng lái xe, vận hành máy móc.</p><h3><strong>Thời kỳ mang thai&nbsp;</strong></h3><p>Chưa xác định được tính an toàn của paracetamol dùng khi thai nghén liên quan đến tác dụng không mong muốn có thể có đối với thai nhi. Do vậy, chỉ nên dùng thuốc này cho phụ nữ mang thai khi thật cần thiết.&nbsp;</p><h3><strong>Thời kỳ cho con bú</strong></h3><p>Không thấy có tác dụng không mong muốn ở trẻ nhỏ bú mẹ khi người mẹ dùng paracetamol, và vì thế thuốc có thể dùng được trong thời gian cho con bú.&nbsp;</p><h3><strong>Tương tác thuốc</strong></h3><p>Uống dài ngày với liều cao paracetamol có thể làm tăng tác dụng của thuốc chống đông máu như coumarin hay dẫn xuất indandion.&nbsp;</p><p>Dùng đồng thời paracetamol và phenothiazin có thể gây hạ sốt nghiêm trọng.&nbsp;</p><p>Uống rượu quá nhiều và dài ngày có thể làm tăng nguy cơ gây độc tính của paracetamol trên gan.&nbsp;</p><p>Nguy cơ gây độc tính của paracetamol trên gan tăng khi dùng paracetamol liều cao và kéo dài trong khi đang dùng các thuốc gây cảm ứng enzym ở microsom thể gan như isoniazid hoặc thuốc chống co giật (gồm phenytoin, barbiturat, carbamazepin).&nbsp;</p><p>Thải trừ của paracetamol có thể bị ảnh hưởng và nồng độ paracetamol trong huyết tương có thể thay đổi khi dùng chung với probenecid.&nbsp;</p><p>Colestyramin làm giảm hấp thu paracetamol nếu được dùng trong vòng 1 giờ trước hoặc sau khi uống paracetamol.</p><p>Metoclopramid hoặc domperidon có thể làm tăng tốc độ hấp thu paracetamol.</p>','<p>Để nơi khô ráo, tránh ánh sáng, nhiệt độ không quá 30oC.&nbsp;</p>','sale',4,1,8,4,NULL),(14,'Nga Phụ Khang hỗ trợ giảm kích thước u lành tính chai 60 viên','<p>Giúp làm giảm kích thước các khối u lành tính: u nang buồng trứng, u xơ tử cung,...</p>','10/9/2023',220000,0,'Chai','<p>Giúp làm giảm kích thước các khối u lành tính: u nang buồng trứng, u xơ tử cung,...</p>',30,'2026','Viên nang','Chai 60 viên',' Y Dược Quốc Tế IMC (Việt Nam) ','','<p>Cao trinh nữ hoàng cung 0,312g (tương đương 985mg dược liệu); Cao Hoàng kỳ 0,085g (tương đương 212mg dược liệu); Cao Hoàng cầm 0,072g (tương đương 185mg dược liệu); Khương hoàng 0,031g.</p>','<p>Phòng bệnh và tăng sức đề kháng: Ngày uống 3 lần, mỗi lần 2 viên, nên uống trước bữa ăn 30 phút.</p><p>Hỗ trợ điều trị: Ngày uống 3 lần, mỗi lần 3 viên, nên uống trước bữa ăn 30 phút.</p><p>Nên sử dụng liên tục từ 2 - 3 tháng.</p>','<p>Chưa có thông tin về tác dụng phụ của sản phẩm.</p>','<p>Sản phẩm này không phải là thuốc, không có tác dụng thay thế thuốc chữa bệnh.</p>','<p>Nơi khô, thoáng, nhiệt độ dưới 30°C,&nbsp;tránh ánh sáng trực tiếp.</p>','hot',4,0,9,13,NULL),(15,'Sữa bột Anlene Total 10 bổ sung dưỡng chất cho người trên 40 tuổi hương vani lon 400g','<p><a href=\"https://www.nhathuocankhang.com/sua-bot-nguoi-lon/sua-bot-anlene-gold-total-10-lon-400g\">Sữa bột Anlene Gold Total 10 trên 40 tuổi lon 400g</a> hương vani là sản phẩm của Fonterra Brands - công ty dẫn đầu thế giới về thực phẩm từ sữa có trụ sở chính tại New Zealand.&nbsp;</p><p>Dòng sản phẩm&nbsp;Anlene từ lâu đã nổi tiếng với các sản phẩm <a href=\"https://www.nhathuocankhang.com/sua-bot-nguoi-lon-sua-bot\">sữa bột cho người lớn.</a></p><p>Sản phẩm được chế biến độc đáo với 10 chất dinh dưỡng thiết yếu để duy trì chế độ ăn uống cân bằng và lối sống năng động. Anlene Total 10 được bổ sung đạm, hàm lượng canxi cao, hỗ trợ vận động, đề kháng, não và tiêu hóa.&nbsp;</p>','10/9/2023',315000,0,'Lon','<p>Với 27 Vitamin và khoáng chất, đồng thời chứa hàm lượng Lactose thấp, giúp bổ sung hệ dưỡng chất cho vận động, đề kháng, não, tiêu hóa.</p><p>Các thành phần trong sản phẩm mang đến những tác dụng tốt cho sức khỏe có thể kể đến như sau:</p><ul><li>Chất Đạm: giúp duy trì mật độ cơ, cho cơ khỏe mạnh</li><li>Canxi và Vitamin D, Vitamin K: ngừa loãng xương, hỗ trợ xương chắc khỏe</li><li>Collagen và Vitamin C: giúp khớp khỏe mạnh</li><li>Các vitamin nhóm B: giúp thêm năng lượng, tăng cường hệ miễn dịch</li><li>Hợp chất MFGM: giúp vận động nhanh nhẹn hơn</li><li>Vitamin A: tốt cho mắt</li><li>Kẽm: hỗ trợ tăng sức đề kháng</li><li>Choline: hỗ trợ trí não</li><li>Biotin: tốt cho da</li><li>Chất xơ (Inulin): tốt cho hệ tiêu hóa</li></ul>',20,'2025','','Hộp 400g',' Anlene (Malaysia)','','<p>Maltodextrin, Sữa bột (36%) (Sữa bột nguyên chất, Đạm sữa cô đặc, Đạm Whey cô lập, Bột bơ sữa - nguồn cung cấp màng cầu chất béo sữa (MFGM)), Chất xơ (Inulin), Khoáng chất (Calci carbonat, Kali citrat, Magnesi phosphat, Kali clorid, Sắt (III) pyrophosphat, Magnesi oxyd, Kẽm oxyd, Đồng sulfat, Mangan sulfat, Natri molybdat, Natri selenit, Kali iodid, Crom clorid), Bột dầu thực vật, Bột protein đậu nành, Choline Bitartrate, Vitamin [Vitamin C (Natri-L-ascorbat), Vitamin E (DL-alpha- tocopheryl acetat), Vitamin B3 (Nicotinamid), Biotin (D-biotin), Vitamin D (Cholecalciferol), Vitamin A (Retinyl acetat), Vitamin B6 (Pyridoxin hydroclorid), Vitamin B5 (D-pantothenat, calci), Vitamin B1 (Thiamin mononitrat), Vitamin B2 (Riboflavin), Vitamin B12 (Cyanocobalamin), Vitamin B9 (Acid pteroymonoglutamic), Vitamin K (Phylloquinon)], Hương liệu giống tự nhiên (hương sữa), Hương liệu tự nhiên, Hương liệu nhân tạo (hương vani), Collagen tuýp I (từ cá), Chất nhũ hóa (INS 322 (i)).</p>','<p>Cho 5 muỗng sữa bột Anlene Total 10 (khoảng 55g) vào 200ml nước chín (sữa sẽ ngon hơn nếu pha nước ấm) và khuấy đều.</p><p>Đối với người lần đầu tiên uống sữa, để tránh hiện tượng không dung nạp Lactose thành phần tự nhiên của sữa, nên uống sau bữa ăn và bắt đầu bằng một lượng nhỏ (1 ly Anlene mỗi ngày hoặc ít hơn) sau đó tăng dần lên.</p>','<p>Chưa có thông tin về tác dụng phụ của sản phẩm.</p>','<p>Không sử dụng sản phẩm khi đã hết hạn sử dụng.</p><p>Sản phẩm có chứa sữa, bột đậu nành, collagen chiết xuất từ cá.</p>','<p>Luôn đậy kín và giữ nơi khô mát.</p><p>Sử dụng tốt nhất trong vòng 1 tháng sau khi mở nắp.</p>','new',4,0,5,14,NULL),(16,'Dầu gió Trường Sơn chai 6ml','<p>Dùng trong cảm, ho, đau đầu, say nắng &amp; tàu xe, buồn nôn, đau bụng, mỏi cơ, côn trùng cắn</p>','10/9/2023',13000,0,'Chai','<p>Dùng trong cảm, ho, đau đầu, say nắng &amp; tàu xe, buồn nôn, đau bụng, mỏi cơ, côn trùng cắn</p>',50,'2026','Dầu xoa','','Trường Sơn','','<p>Công thức pha chế cho 100ml Thành phần:</p><p>Menthol 22,0g.</p><p>Eucalyptol 4,8g.</p><p>Long não 2,0g.</p><p>Tinh dầu Bạc hà 3,0g.</p><p>Tinh dầu Đinh hương 0,2g.</p><p>Methyl salicylate 18,0g.</p><p>Hương liệu và Màu xanh 5,0g.</p><p>Dầu Parafin vừa đủ 100ml.</p>','<p>Thoa thuốc và xoa bóp chỗ đau, pha với nước ấm để xông, thoa bôi lên mũi để hít và ngửi.</p>','<p>Chưa có thông tin về tác dụng phụ của sản phẩm.</p>','<p>Nếu cơ thể mẫn cảm với dầu Trường Sơn, hãy ngưng sử dụng ngay lập tức và hỏi ý kiến thầy thuốc.</p>','<p>Để nơi khô ráo, tránh ánh sáng, nhiệt độ không quá 30oC.&nbsp;</p>','',1,2,10,15,NULL),(17,'TRÀ HẠ ĐƯỜNG GLUGAZ- giúp gảm và ổn định đường huyết lâu dài','<p>☘ Thành phần chính là sự kết hợp 6 loại thảo dược đã được chứng minh về tính an toàn hiệu quả</p><p>&nbsp;☘ Chiết xuất hoàn toàn từ thảo dược thiên nhiên, không gây tác dụng phụ&nbsp;</p><p>☘ Nguồn dược liệu được nuôi trồng và thu hái theo mô hình GACP – WHO</p><p>&nbsp;☘ Được bình chọn là Top 50 Thương hiệu mạnh quốc gia 2019, Doanh nghiệp – Doanh nhân xuất sắc năm 2019&nbsp;</p><p>☘ Được Bộ Y tế cấp phép lưu hành số 5852/2019/ĐKSP&nbsp;</p><p>☘ Sản xuất theo quy trình quốc tế, tại nhà máy đạt chuẩn GMP – WHO, có giấy chứng nhận vệ sinh an toàn thực phẩm&nbsp;</p><p>☘ Được bày bán tại các nhà thuốc tây trên toàn quốc&nbsp;</p><p>☘ Sản phẩm chống hàng nhái, hàng giả bằng công nghệ tiên tiến, hiện đại nhất&nbsp;</p><p>☘ Được hàng chục ngàn khách hàng là người bệnh tiểu đường tin dùng</p>','19/9/2023',150000,135000,'Hộp','<p>Hỗ trợ hạ đường huyết.</p><p>Hỗ trợ làm giảm nguy cơ biến chứng của bệnh tiểu đường.</p>',18,'2026','Túi chè','24 gói','GLUGAZ','','<p>Dây thìa canh : 10000mg (tương đương 1000mg cao khô)&nbsp;</p><p>Khổ qua: 600mg (tương đương 60mg cao khô)&nbsp;</p><p>Ngũ vị tử: 400mg (tương đương 40mg cao khô)&nbsp;</p><p>Giảo cổ lam: 350mg (tương đương 35mg cao khô)&nbsp;</p><p>Chè đắng: 300mg (tương đương 30mg cao khô)&nbsp;</p><p>Phụ liệu: Đường, hương thơm (vani, sữa, socola, hoa quả), chất bảo quản (natri benzoate, kali sorbat), chất làm bóng (polyvi-nylpyrrolidone), màu thực phẩm (Caramel I-Plain) vừa đủ 1 gói.</p>','<p>+Pha 1 túi trà vào khoảng 40-60ml nước ấm, sử dụng sau 1-2 phút, nên sử dụng liên tục để đạt hiệu quả tốt nhất.&nbsp;</p><p>+Uống 1-2 gói/lần, ngày 1-2 lần hoặc theo hướng dẫn của thầy thuốc.&nbsp;</p><p>+Có thể tăng liều dùng lên 2-3 gói/lần đối với bệnh nhân lâu năm, chỉ số đường huyết cao, không ổn định.&nbsp;<br>&nbsp;</p>','<p>Chưa có thông tin về tác dụng phụ của sản phẩm.</p>','<p>Không sử dụng cho người mẫn cảm với bất kỳ thành phần nào của sản phẩm.&nbsp;</p><p>Sản phẩm không phải là thuốc và không có tác dụng thay thế thuốc chữa bệnh.</p>','<p>Nơi khô mát, tránh ánh sáng trực tiếp, nhiệt độ dưới 30 độ C.</p>','hot',4,4,2,16,NULL);
/*!40000 ALTER TABLE `products` ENABLE KEYS */;
UNLOCK TABLES;

--
-- Table structure for table `recruitments`
--

DROP TABLE IF EXISTS `recruitments`;
/*!40101 SET @saved_cs_client     = @@character_set_client */;
/*!50503 SET character_set_client = utf8mb4 */;
CREATE TABLE `recruitments` (
  `id` int NOT NULL AUTO_INCREMENT,
  `name` varchar(255) NOT NULL,
  `phone` varchar(255) NOT NULL,
  `email` varchar(255) NOT NULL,
  `file` varchar(255) NOT NULL,
  `introduce` text NOT NULL,
  `status` varchar(255) DEFAULT NULL,
  `createTime` varchar(255) NOT NULL,
  `job_id` int NOT NULL,
  PRIMARY KEY (`id`),
  KEY `job_id` (`job_id`),
  CONSTRAINT `recruitments_ibfk_1` FOREIGN KEY (`job_id`) REFERENCES `jobs` (`id`) ON DELETE CASCADE ON UPDATE CASCADE
) ENGINE=InnoDB DEFAULT CHARSET=utf8mb4 COLLATE=utf8mb4_0900_ai_ci;
/*!40101 SET character_set_client = @saved_cs_client */;

--
-- Dumping data for table `recruitments`
--

LOCK TABLES `recruitments` WRITE;
/*!40000 ALTER TABLE `recruitments` DISABLE KEYS */;
/*!40000 ALTER TABLE `recruitments` ENABLE KEYS */;
UNLOCK TABLES;

--
-- Table structure for table `replies`
--

DROP TABLE IF EXISTS `replies`;
/*!40101 SET @saved_cs_client     = @@character_set_client */;
/*!50503 SET character_set_client = utf8mb4 */;
CREATE TABLE `replies` (
  `id` int NOT NULL AUTO_INCREMENT,
  `content` text NOT NULL,
  `createTime` varchar(255) NOT NULL,
  `feedbackProduct_id` int DEFAULT NULL,
  `commentNews_id` int DEFAULT NULL,
  PRIMARY KEY (`id`)
) ENGINE=InnoDB AUTO_INCREMENT=2 DEFAULT CHARSET=utf8mb4 COLLATE=utf8mb4_0900_ai_ci;
/*!40101 SET character_set_client = @saved_cs_client */;

--
-- Dumping data for table `replies`
--

LOCK TABLES `replies` WRITE;
/*!40000 ALTER TABLE `replies` DISABLE KEYS */;
INSERT INTO `replies` VALUES (1,'<p>Cảm ơn bạn đã tin tưởng cửa hàng</p>','10/9/2023 18:57',1,NULL);
/*!40000 ALTER TABLE `replies` ENABLE KEYS */;
UNLOCK TABLES;

--
-- Table structure for table `roles`
--

DROP TABLE IF EXISTS `roles`;
/*!40101 SET @saved_cs_client     = @@character_set_client */;
/*!50503 SET character_set_client = utf8mb4 */;
CREATE TABLE `roles` (
  `id` int NOT NULL,
  `name` varchar(255) NOT NULL,
  `description` varchar(255) DEFAULT NULL,
  PRIMARY KEY (`id`)
) ENGINE=InnoDB DEFAULT CHARSET=utf8mb4 COLLATE=utf8mb4_0900_ai_ci;
/*!40101 SET character_set_client = @saved_cs_client */;

--
-- Dumping data for table `roles`
--

LOCK TABLES `roles` WRITE;
/*!40000 ALTER TABLE `roles` DISABLE KEYS */;
INSERT INTO `roles` VALUES (1,'admin','Admin'),(2,'customer','Khách hàng'),(3,'visitor','Khách tham quan');
/*!40000 ALTER TABLE `roles` ENABLE KEYS */;
UNLOCK TABLES;

--
-- Table structure for table `support`
--

DROP TABLE IF EXISTS `support`;
/*!40101 SET @saved_cs_client     = @@character_set_client */;
/*!50503 SET character_set_client = utf8mb4 */;
CREATE TABLE `support` (
  `id` int NOT NULL AUTO_INCREMENT,
  `title` varchar(255) NOT NULL,
  `content` text,
  `createTime` varchar(255) NOT NULL,
  PRIMARY KEY (`id`)
) ENGINE=InnoDB AUTO_INCREMENT=2 DEFAULT CHARSET=utf8mb4 COLLATE=utf8mb4_0900_ai_ci;
/*!40101 SET character_set_client = @saved_cs_client */;

--
-- Dumping data for table `support`
--

LOCK TABLES `support` WRITE;
/*!40000 ALTER TABLE `support` DISABLE KEYS */;
INSERT INTO `support` VALUES (1,'Hướng dẫn sử dụng','<p>Contact admin theo số điện thoại: 096 152 5903 để được hướng dẫn thêm chi tiết</p>','10/9/2023 13:16');
/*!40000 ALTER TABLE `support` ENABLE KEYS */;
UNLOCK TABLES;

--
-- Table structure for table `transports`
--

DROP TABLE IF EXISTS `transports`;
/*!40101 SET @saved_cs_client     = @@character_set_client */;
/*!50503 SET character_set_client = utf8mb4 */;
CREATE TABLE `transports` (
  `id` int NOT NULL AUTO_INCREMENT,
  `status` varchar(255) NOT NULL,
  `createTime` varchar(255) NOT NULL,
  `order_id` varchar(255) NOT NULL,
  PRIMARY KEY (`id`)
) ENGINE=InnoDB AUTO_INCREMENT=11 DEFAULT CHARSET=utf8mb4 COLLATE=utf8mb4_0900_ai_ci;
/*!40101 SET character_set_client = @saved_cs_client */;

--
-- Dumping data for table `transports`
--

LOCK TABLES `transports` WRITE;
/*!40000 ALTER TABLE `transports` DISABLE KEYS */;
INSERT INTO `transports` VALUES (1,'Đơn hàng đã được đặt thành công','10/9/2023 18:24','10182442'),(2,'Đơn hàng đã được đặt thành công','18/9/2023 9:46','18094607'),(3,'Đơn hàng đã được đặt thành công','18/9/2023 9:51','18095153'),(4,'Đơn hàng đã được đặt thành công','18/9/2023 9:57','18095758'),(5,'Đơn hàng đã được đặt thành công','18/9/2023 10:5','18100540'),(6,'Đơn hàng đã được đặt thành công','18/9/2023 10:53','18105304'),(7,'Đơn hàng đã được đặt thành công','18/9/2023 11:3','18110338'),(8,'Đơn hàng đã được đặt thành công','1/10/2023 9:4','01090456'),(9,'Đơn hàng đã được đặt thành công','6/10/2023 10:0','06100059'),(10,'Đơn hàng đã được đặt thành công','6/10/2023 14:7','06140757');
/*!40000 ALTER TABLE `transports` ENABLE KEYS */;
UNLOCK TABLES;

--
-- Table structure for table `users`
--

DROP TABLE IF EXISTS `users`;
/*!40101 SET @saved_cs_client     = @@character_set_client */;
/*!50503 SET character_set_client = utf8mb4 */;
CREATE TABLE `users` (
  `id` int NOT NULL AUTO_INCREMENT,
  `name` varchar(255) DEFAULT NULL,
  `username` varchar(255) DEFAULT NULL,
  `email` varchar(255) NOT NULL,
  `password` varchar(255) DEFAULT NULL,
  `phone` varchar(255) DEFAULT NULL,
  `gender` varchar(255) DEFAULT NULL,
  `birthday` varchar(255) DEFAULT NULL,
  `avatar` varchar(255) DEFAULT NULL,
  `role_id` int NOT NULL,
  `address` varchar(255) DEFAULT NULL,
  PRIMARY KEY (`id`)
) ENGINE=InnoDB AUTO_INCREMENT=6 DEFAULT CHARSET=utf8mb4 COLLATE=utf8mb4_0900_ai_ci;
/*!40101 SET character_set_client = @saved_cs_client */;

--
-- Dumping data for table `users`
--

LOCK TABLES `users` WRITE;
/*!40000 ALTER TABLE `users` DISABLE KEYS */;
INSERT INTO `users` VALUES (1,'Hoàng Nhật Minh','Hoàng Nhật Minh','adminh@gmail.com','$2a$10$TMZC1Rpu3Jg7NfaVgXXv8.LfbNF6xfnXWxbfz35AfQAK9tDzf8VRy','0961525903','Nam','01/04/2001','/avatar/1694326674738.jpg',1,'HN'),(3,'Nguyễn Văn A','Nguyễn Văn A','a@gmail.com','$2a$10$PuIkrc8QmZi8GsGx/7Zq2uWTufd9HXQq.RTudwLvuOWiZHRXxWmay','0125389456','Nam','','/avatar/anhdaidien.jpg',3,'HN'),(4,'Nguyễn Thị B','Nguyễn Thị B','b@gmail.com','$2a$10$AytbqYN6ZB0lZSYoEIHV9.n3qjALWshVL5tUP4jHZykNTJ.VLeIFO','0125389456','Nữ','','/avatar/anhdaidien.jpg',3,'HN'),(5,'Nguyễn Văn Đại',NULL,'daihoang@gmail.com',NULL,NULL,NULL,NULL,'/avatar/anhdaidien.jpg',3,NULL);
/*!40000 ALTER TABLE `users` ENABLE KEYS */;
UNLOCK TABLES;
/*!40103 SET TIME_ZONE=@OLD_TIME_ZONE */;

/*!40101 SET SQL_MODE=@OLD_SQL_MODE */;
/*!40014 SET FOREIGN_KEY_CHECKS=@OLD_FOREIGN_KEY_CHECKS */;
/*!40014 SET UNIQUE_CHECKS=@OLD_UNIQUE_CHECKS */;
/*!40101 SET CHARACTER_SET_CLIENT=@OLD_CHARACTER_SET_CLIENT */;
/*!40101 SET CHARACTER_SET_RESULTS=@OLD_CHARACTER_SET_RESULTS */;
/*!40101 SET COLLATION_CONNECTION=@OLD_COLLATION_CONNECTION */;
/*!40111 SET SQL_NOTES=@OLD_SQL_NOTES */;

-- Dump completed on 2023-10-12 17:30:15
